solid OpenSCAD_Model
  facet normal -0.130445 -0.991456 0
    outer loop
      vertex 35.4824 -31.9319 0.5
      vertex 36 -32 6.5
      vertex 35.4824 -31.9319 6.5
    endloop
  endfacet
  facet normal -0.130445 -0.991456 -0
    outer loop
      vertex 36 -32 6.5
      vertex 35.4824 -31.9319 0.5
      vertex 36 -32 0.5
    endloop
  endfacet
  facet normal -0 0 1
    outer loop
      vertex 44.6558 17.4 6.5
      vertex 47.3116 -22 6.5
      vertex 47.3116 22 6.5
    endloop
  endfacet
  facet normal 0 0 1
    outer loop
      vertex 44.6558 17.4 6.5
      vertex 44.6558 -17.4 6.5
      vertex 47.3116 -22 6.5
    endloop
  endfacet
  facet normal -0 0 1
    outer loop
      vertex 39.3442 17.4 6.5
      vertex 44.6558 -17.4 6.5
      vertex 44.6558 17.4 6.5
    endloop
  endfacet
  facet normal 0 0 1
    outer loop
      vertex 39.3442 17.4 6.5
      vertex 39.3442 -17.4 6.5
      vertex 44.6558 -17.4 6.5
    endloop
  endfacet
  facet normal 0 0 1
    outer loop
      vertex 36.6884 22 6.5
      vertex 39.3442 -17.4 6.5
      vertex 39.3442 17.4 6.5
    endloop
  endfacet
  facet normal 0 0 1
    outer loop
      vertex 39.3442 -17.4 6.5
      vertex 36.6884 22 6.5
      vertex 36.6884 -22 6.5
    endloop
  endfacet
  facet normal 0 0 1
    outer loop
      vertex 50 32 6.5
      vertex 47.3116 22 6.5
      vertex 50 -32 6.5
    endloop
  endfacet
  facet normal 0 0 1
    outer loop
      vertex 50 32 6.5
      vertex 44.6558 26.6 6.5
      vertex 47.3116 22 6.5
    endloop
  endfacet
  facet normal -0 0 1
    outer loop
      vertex 36 32 6.5
      vertex 44.6558 26.6 6.5
      vertex 50 32 6.5
    endloop
  endfacet
  facet normal 0 0 1
    outer loop
      vertex 39.3442 26.6 6.5
      vertex 34 30 6.5
      vertex 36.6884 22 6.5
    endloop
  endfacet
  facet normal -0 0 1
    outer loop
      vertex 34 30 6.5
      vertex 39.3442 26.6 6.5
      vertex 36 32 6.5
    endloop
  endfacet
  facet normal 0 0 1
    outer loop
      vertex 44.6558 26.6 6.5
      vertex 36 32 6.5
      vertex 39.3442 26.6 6.5
    endloop
  endfacet
  facet normal -0 0 1
    outer loop
      vertex 47.3116 -22 6.5
      vertex 50 -32 6.5
      vertex 47.3116 22 6.5
    endloop
  endfacet
  facet normal -0 0 1
    outer loop
      vertex 44.6558 -26.6 6.5
      vertex 50 -32 6.5
      vertex 47.3116 -22 6.5
    endloop
  endfacet
  facet normal 0 0 1
    outer loop
      vertex 36 -32 6.5
      vertex 44.6558 -26.6 6.5
      vertex 39.3442 -26.6 6.5
    endloop
  endfacet
  facet normal 0 0 1
    outer loop
      vertex 44.6558 -26.6 6.5
      vertex 36 -32 6.5
      vertex 50 -32 6.5
    endloop
  endfacet
  facet normal 0 0 1
    outer loop
      vertex 34 -30 6.5
      vertex 39.3442 -26.6 6.5
      vertex 36.6884 -22 6.5
    endloop
  endfacet
  facet normal 0 0 1
    outer loop
      vertex 36.6884 22 6.5
      vertex 34 30 6.5
      vertex 36.6884 -22 6.5
    endloop
  endfacet
  facet normal 0 0 1
    outer loop
      vertex 34 30 6.5
      vertex 36 32 6.5
      vertex 35.4824 31.9319 6.5
    endloop
  endfacet
  facet normal 0 0 1
    outer loop
      vertex 34 -30 6.5
      vertex 36.6884 -22 6.5
      vertex 34 30 6.5
    endloop
  endfacet
  facet normal 0 0 1
    outer loop
      vertex 34 30 6.5
      vertex 35.4824 31.9319 6.5
      vertex 35 31.732 6.5
    endloop
  endfacet
  facet normal 0 0 1
    outer loop
      vertex 39.3442 -26.6 6.5
      vertex 34 -30 6.5
      vertex 36 -32 6.5
    endloop
  endfacet
  facet normal 0 0 1
    outer loop
      vertex 34 30 6.5
      vertex 35 31.732 6.5
      vertex 34.5858 31.4142 6.5
    endloop
  endfacet
  facet normal 0 0 1
    outer loop
      vertex 36 -32 6.5
      vertex 34 -30 6.5
      vertex 35.4824 -31.9319 6.5
    endloop
  endfacet
  facet normal 0 0 1
    outer loop
      vertex 34 30 6.5
      vertex 34.5858 31.4142 6.5
      vertex 34.268 31 6.5
    endloop
  endfacet
  facet normal 0 0 1
    outer loop
      vertex 35.4824 -31.9319 6.5
      vertex 34 -30 6.5
      vertex 35 -31.732 6.5
    endloop
  endfacet
  facet normal 0 0 1
    outer loop
      vertex 34 30 6.5
      vertex 34.268 31 6.5
      vertex 34.0681 30.5176 6.5
    endloop
  endfacet
  facet normal 0 0 1
    outer loop
      vertex 35 -31.732 6.5
      vertex 34 -30 6.5
      vertex 34.5858 -31.4142 6.5
    endloop
  endfacet
  facet normal 0 0 1
    outer loop
      vertex 34.5858 -31.4142 6.5
      vertex 34 -30 6.5
      vertex 34.268 -31 6.5
    endloop
  endfacet
  facet normal 0 0 1
    outer loop
      vertex 34.268 -31 6.5
      vertex 34 -30 6.5
      vertex 34.0681 -30.5176 6.5
    endloop
  endfacet
  facet normal -0.608729 -0.793378 0
    outer loop
      vertex 34.5858 -31.4142 0.5
      vertex 35 -31.732 6.5
      vertex 34.5858 -31.4142 6.5
    endloop
  endfacet
  facet normal -0.608729 -0.793378 -0
    outer loop
      vertex 35 -31.732 6.5
      vertex 34.5858 -31.4142 0.5
      vertex 35 -31.732 0.5
    endloop
  endfacet
  facet normal 0 0 -1
    outer loop
      vertex 50 -32 0.5
      vertex 44.5679 -21.1657 0.5
      vertex 50 32 0.5
    endloop
  endfacet
  facet normal 0 0 -1
    outer loop
      vertex 50 32 0.5
      vertex 44.6668 21.5776 0.5
      vertex 44.7 22 0.5
    endloop
  endfacet
  facet normal 0 0 -1
    outer loop
      vertex 44.5679 21.1657 0.5
      vertex 50 32 0.5
      vertex 44.5679 -21.1657 0.5
    endloop
  endfacet
  facet normal 0 0 -1
    outer loop
      vertex 50 32 0.5
      vertex 44.5679 21.1657 0.5
      vertex 44.6668 21.5776 0.5
    endloop
  endfacet
  facet normal 0 0 -1
    outer loop
      vertex 44.4057 -20.7742 0.5
      vertex 44.5679 21.1657 0.5
      vertex 44.5679 -21.1657 0.5
    endloop
  endfacet
  facet normal 0 0 -1
    outer loop
      vertex 44.4057 -20.7742 0.5
      vertex 44.4057 20.7742 0.5
      vertex 44.5679 21.1657 0.5
    endloop
  endfacet
  facet normal 0 0 -1
    outer loop
      vertex 44.1843 -20.413 0.5
      vertex 44.4057 20.7742 0.5
      vertex 44.4057 -20.7742 0.5
    endloop
  endfacet
  facet normal 0 0 -1
    outer loop
      vertex 44.1843 -20.413 0.5
      vertex 44.1843 20.413 0.5
      vertex 44.4057 20.7742 0.5
    endloop
  endfacet
  facet normal 0 0 -1
    outer loop
      vertex 43.9092 -20.0908 0.5
      vertex 44.1843 20.413 0.5
      vertex 44.1843 -20.413 0.5
    endloop
  endfacet
  facet normal 0 0 -1
    outer loop
      vertex 43.9092 -20.0908 0.5
      vertex 43.9092 20.0908 0.5
      vertex 44.1843 20.413 0.5
    endloop
  endfacet
  facet normal 0 0 -1
    outer loop
      vertex 43.587 -19.8157 0.5
      vertex 43.9092 20.0908 0.5
      vertex 43.9092 -20.0908 0.5
    endloop
  endfacet
  facet normal 0 0 -1
    outer loop
      vertex 43.587 -19.8157 0.5
      vertex 43.587 19.8157 0.5
      vertex 43.9092 20.0908 0.5
    endloop
  endfacet
  facet normal 0 0 -1
    outer loop
      vertex 43.2258 -19.5943 0.5
      vertex 43.587 19.8157 0.5
      vertex 43.587 -19.8157 0.5
    endloop
  endfacet
  facet normal 0 0 -1
    outer loop
      vertex 43.2258 -19.5943 0.5
      vertex 43.2258 19.5943 0.5
      vertex 43.587 19.8157 0.5
    endloop
  endfacet
  facet normal 0 0 -1
    outer loop
      vertex 42.8343 -19.4321 0.5
      vertex 43.2258 19.5943 0.5
      vertex 43.2258 -19.5943 0.5
    endloop
  endfacet
  facet normal 0 0 -1
    outer loop
      vertex 42.8343 -19.4321 0.5
      vertex 42.8343 19.4321 0.5
      vertex 43.2258 19.5943 0.5
    endloop
  endfacet
  facet normal 0 0 -1
    outer loop
      vertex 42.4224 -19.3332 0.5
      vertex 42.8343 19.4321 0.5
      vertex 42.8343 -19.4321 0.5
    endloop
  endfacet
  facet normal 0 0 -1
    outer loop
      vertex 42.4224 -19.3332 0.5
      vertex 42.4224 19.3332 0.5
      vertex 42.8343 19.4321 0.5
    endloop
  endfacet
  facet normal 0 0 -1
    outer loop
      vertex 42 -19.3 0.5
      vertex 42.4224 19.3332 0.5
      vertex 42.4224 -19.3332 0.5
    endloop
  endfacet
  facet normal 0 0 -1
    outer loop
      vertex 42 -19.3 0.5
      vertex 42 19.3 0.5
      vertex 42.4224 19.3332 0.5
    endloop
  endfacet
  facet normal 0 0 -1
    outer loop
      vertex 41.5776 -19.3332 0.5
      vertex 42 19.3 0.5
      vertex 42 -19.3 0.5
    endloop
  endfacet
  facet normal 0 0 -1
    outer loop
      vertex 41.5776 -19.3332 0.5
      vertex 41.5776 19.3332 0.5
      vertex 42 19.3 0.5
    endloop
  endfacet
  facet normal 0 0 -1
    outer loop
      vertex 41.1657 -19.4321 0.5
      vertex 41.5776 19.3332 0.5
      vertex 41.5776 -19.3332 0.5
    endloop
  endfacet
  facet normal 0 0 -1
    outer loop
      vertex 41.1657 -19.4321 0.5
      vertex 41.1657 19.4321 0.5
      vertex 41.5776 19.3332 0.5
    endloop
  endfacet
  facet normal 0 0 -1
    outer loop
      vertex 40.7742 -19.5943 0.5
      vertex 41.1657 19.4321 0.5
      vertex 41.1657 -19.4321 0.5
    endloop
  endfacet
  facet normal 0 0 -1
    outer loop
      vertex 40.7742 -19.5943 0.5
      vertex 40.7742 19.5943 0.5
      vertex 41.1657 19.4321 0.5
    endloop
  endfacet
  facet normal 0 0 -1
    outer loop
      vertex 40.413 -19.8157 0.5
      vertex 40.7742 19.5943 0.5
      vertex 40.7742 -19.5943 0.5
    endloop
  endfacet
  facet normal 0 0 -1
    outer loop
      vertex 40.413 -19.8157 0.5
      vertex 40.413 19.8157 0.5
      vertex 40.7742 19.5943 0.5
    endloop
  endfacet
  facet normal 0 0 -1
    outer loop
      vertex 40.0908 -20.0908 0.5
      vertex 40.413 19.8157 0.5
      vertex 40.413 -19.8157 0.5
    endloop
  endfacet
  facet normal 0 0 -1
    outer loop
      vertex 40.0908 -20.0908 0.5
      vertex 40.0908 20.0908 0.5
      vertex 40.413 19.8157 0.5
    endloop
  endfacet
  facet normal 0 0 -1
    outer loop
      vertex 39.8157 -20.413 0.5
      vertex 40.0908 20.0908 0.5
      vertex 40.0908 -20.0908 0.5
    endloop
  endfacet
  facet normal 0 0 -1
    outer loop
      vertex 39.8157 -20.413 0.5
      vertex 39.8157 20.413 0.5
      vertex 40.0908 20.0908 0.5
    endloop
  endfacet
  facet normal 0 0 -1
    outer loop
      vertex 39.5943 -20.7742 0.5
      vertex 39.8157 20.413 0.5
      vertex 39.8157 -20.413 0.5
    endloop
  endfacet
  facet normal 0 0 -1
    outer loop
      vertex 39.5943 -20.7742 0.5
      vertex 39.5943 20.7742 0.5
      vertex 39.8157 20.413 0.5
    endloop
  endfacet
  facet normal 0 0 -1
    outer loop
      vertex 34 -30 0.5
      vertex 39.5943 -20.7742 0.5
      vertex 39.4321 -21.1657 0.5
    endloop
  endfacet
  facet normal -0 0 -1
    outer loop
      vertex 39.5943 -20.7742 0.5
      vertex 34 -30 0.5
      vertex 39.5943 20.7742 0.5
    endloop
  endfacet
  facet normal 0 0 -1
    outer loop
      vertex 34 -30 0.5
      vertex 39.4321 -21.1657 0.5
      vertex 39.3332 -21.5776 0.5
    endloop
  endfacet
  facet normal 0 0 -1
    outer loop
      vertex 34 30 0.5
      vertex 39.5943 20.7742 0.5
      vertex 34 -30 0.5
    endloop
  endfacet
  facet normal 0 0 -1
    outer loop
      vertex 34 -30 0.5
      vertex 39.3332 -21.5776 0.5
      vertex 39.3 -22 0.5
    endloop
  endfacet
  facet normal 0 0 -1
    outer loop
      vertex 39.5943 20.7742 0.5
      vertex 34 30 0.5
      vertex 39.4321 21.1657 0.5
    endloop
  endfacet
  facet normal 0 0 -1
    outer loop
      vertex 44.6668 -21.5776 0.5
      vertex 50 -32 0.5
      vertex 44.7 -22 0.5
    endloop
  endfacet
  facet normal 0 0 -1
    outer loop
      vertex 50 -32 0.5
      vertex 44.6668 -22.4224 0.5
      vertex 44.7 -22 0.5
    endloop
  endfacet
  facet normal 0 0 -1
    outer loop
      vertex 50 -32 0.5
      vertex 44.5679 -22.8343 0.5
      vertex 44.6668 -22.4224 0.5
    endloop
  endfacet
  facet normal 0 0 -1
    outer loop
      vertex 50 -32 0.5
      vertex 44.4057 -23.2258 0.5
      vertex 44.5679 -22.8343 0.5
    endloop
  endfacet
  facet normal 0 0 -1
    outer loop
      vertex 50 -32 0.5
      vertex 44.1843 -23.587 0.5
      vertex 44.4057 -23.2258 0.5
    endloop
  endfacet
  facet normal 0 0 -1
    outer loop
      vertex 50 -32 0.5
      vertex 43.9092 -23.9092 0.5
      vertex 44.1843 -23.587 0.5
    endloop
  endfacet
  facet normal 0 0 -1
    outer loop
      vertex 50 -32 0.5
      vertex 43.587 -24.1843 0.5
      vertex 43.9092 -23.9092 0.5
    endloop
  endfacet
  facet normal 0 0 -1
    outer loop
      vertex 50 -32 0.5
      vertex 43.2258 -24.4057 0.5
      vertex 43.587 -24.1843 0.5
    endloop
  endfacet
  facet normal 0 0 -1
    outer loop
      vertex 50 -32 0.5
      vertex 42.8343 -24.5679 0.5
      vertex 43.2258 -24.4057 0.5
    endloop
  endfacet
  facet normal 0 0 -1
    outer loop
      vertex 50 -32 0.5
      vertex 42.4224 -24.6668 0.5
      vertex 42.8343 -24.5679 0.5
    endloop
  endfacet
  facet normal 0 0 -1
    outer loop
      vertex 36 -32 0.5
      vertex 42.4224 -24.6668 0.5
      vertex 50 -32 0.5
    endloop
  endfacet
  facet normal 0 0 -1
    outer loop
      vertex 42.4224 -24.6668 0.5
      vertex 36 -32 0.5
      vertex 42 -24.7 0.5
    endloop
  endfacet
  facet normal -0 0 -1
    outer loop
      vertex 42 -24.7 0.5
      vertex 36 -32 0.5
      vertex 41.5776 -24.6668 0.5
    endloop
  endfacet
  facet normal -0 0 -1
    outer loop
      vertex 41.5776 -24.6668 0.5
      vertex 36 -32 0.5
      vertex 41.1657 -24.5679 0.5
    endloop
  endfacet
  facet normal -0 0 -1
    outer loop
      vertex 41.1657 -24.5679 0.5
      vertex 36 -32 0.5
      vertex 40.7742 -24.4057 0.5
    endloop
  endfacet
  facet normal -0 0 -1
    outer loop
      vertex 39.3332 -22.4224 0.5
      vertex 34 -30 0.5
      vertex 39.3 -22 0.5
    endloop
  endfacet
  facet normal -0 0 -1
    outer loop
      vertex 39.4321 -22.8343 0.5
      vertex 34 -30 0.5
      vertex 39.3332 -22.4224 0.5
    endloop
  endfacet
  facet normal -0 0 -1
    outer loop
      vertex 39.5943 -23.2258 0.5
      vertex 34 -30 0.5
      vertex 39.4321 -22.8343 0.5
    endloop
  endfacet
  facet normal -0 0 -1
    outer loop
      vertex 39.8157 -23.587 0.5
      vertex 34 -30 0.5
      vertex 39.5943 -23.2258 0.5
    endloop
  endfacet
  facet normal -0 0 -1
    outer loop
      vertex 40.0908 -23.9092 0.5
      vertex 34 -30 0.5
      vertex 39.8157 -23.587 0.5
    endloop
  endfacet
  facet normal -0 0 -1
    outer loop
      vertex 40.413 -24.1843 0.5
      vertex 34 -30 0.5
      vertex 40.0908 -23.9092 0.5
    endloop
  endfacet
  facet normal 0 0 -1
    outer loop
      vertex 34 -30 0.5
      vertex 40.413 -24.1843 0.5
      vertex 36 -32 0.5
    endloop
  endfacet
  facet normal -0 0 -1
    outer loop
      vertex 40.7742 -24.4057 0.5
      vertex 36 -32 0.5
      vertex 40.413 -24.1843 0.5
    endloop
  endfacet
  facet normal 0 0 -1
    outer loop
      vertex 44.5679 -21.1657 0.5
      vertex 50 -32 0.5
      vertex 44.6668 -21.5776 0.5
    endloop
  endfacet
  facet normal 0 0 -1
    outer loop
      vertex 44.6668 22.4224 0.5
      vertex 50 32 0.5
      vertex 44.7 22 0.5
    endloop
  endfacet
  facet normal 0 0 -1
    outer loop
      vertex 44.5679 22.8343 0.5
      vertex 50 32 0.5
      vertex 44.6668 22.4224 0.5
    endloop
  endfacet
  facet normal 0 0 -1
    outer loop
      vertex 44.4057 23.2258 0.5
      vertex 50 32 0.5
      vertex 44.5679 22.8343 0.5
    endloop
  endfacet
  facet normal 0 0 -1
    outer loop
      vertex 44.1843 23.587 0.5
      vertex 50 32 0.5
      vertex 44.4057 23.2258 0.5
    endloop
  endfacet
  facet normal 0 0 -1
    outer loop
      vertex 43.9092 23.9092 0.5
      vertex 50 32 0.5
      vertex 44.1843 23.587 0.5
    endloop
  endfacet
  facet normal 0 0 -1
    outer loop
      vertex 43.587 24.1843 0.5
      vertex 50 32 0.5
      vertex 43.9092 23.9092 0.5
    endloop
  endfacet
  facet normal 0 0 -1
    outer loop
      vertex 43.2258 24.4057 0.5
      vertex 50 32 0.5
      vertex 43.587 24.1843 0.5
    endloop
  endfacet
  facet normal 0 0 -1
    outer loop
      vertex 42.8343 24.5679 0.5
      vertex 50 32 0.5
      vertex 43.2258 24.4057 0.5
    endloop
  endfacet
  facet normal 0 0 -1
    outer loop
      vertex 42.4224 24.6668 0.5
      vertex 50 32 0.5
      vertex 42.8343 24.5679 0.5
    endloop
  endfacet
  facet normal 0 0 -1
    outer loop
      vertex 36 32 0.5
      vertex 42.4224 24.6668 0.5
      vertex 42 24.7 0.5
    endloop
  endfacet
  facet normal 0 0 -1
    outer loop
      vertex 36 32 0.5
      vertex 42 24.7 0.5
      vertex 41.5776 24.6668 0.5
    endloop
  endfacet
  facet normal 0 0 -1
    outer loop
      vertex 36 32 0.5
      vertex 41.5776 24.6668 0.5
      vertex 41.1657 24.5679 0.5
    endloop
  endfacet
  facet normal 0 0 -1
    outer loop
      vertex 36 32 0.5
      vertex 41.1657 24.5679 0.5
      vertex 40.7742 24.4057 0.5
    endloop
  endfacet
  facet normal 0 0 -1
    outer loop
      vertex 36 32 0.5
      vertex 40.7742 24.4057 0.5
      vertex 40.413 24.1843 0.5
    endloop
  endfacet
  facet normal 0 0 -1
    outer loop
      vertex 42.4224 24.6668 0.5
      vertex 36 32 0.5
      vertex 50 32 0.5
    endloop
  endfacet
  facet normal 0 0 -1
    outer loop
      vertex 34 30 0.5
      vertex 40.413 24.1843 0.5
      vertex 40.0908 23.9092 0.5
    endloop
  endfacet
  facet normal 0 0 -1
    outer loop
      vertex 34 30 0.5
      vertex 40.0908 23.9092 0.5
      vertex 39.8157 23.587 0.5
    endloop
  endfacet
  facet normal 0 0 -1
    outer loop
      vertex 34 30 0.5
      vertex 39.8157 23.587 0.5
      vertex 39.5943 23.2258 0.5
    endloop
  endfacet
  facet normal 0 0 -1
    outer loop
      vertex 34 30 0.5
      vertex 39.5943 23.2258 0.5
      vertex 39.4321 22.8343 0.5
    endloop
  endfacet
  facet normal 0 0 -1
    outer loop
      vertex 34 30 0.5
      vertex 39.4321 22.8343 0.5
      vertex 39.3332 22.4224 0.5
    endloop
  endfacet
  facet normal 0 0 -1
    outer loop
      vertex 34 30 0.5
      vertex 39.3332 22.4224 0.5
      vertex 39.3 22 0.5
    endloop
  endfacet
  facet normal 0 0 -1
    outer loop
      vertex 39.4321 21.1657 0.5
      vertex 34 30 0.5
      vertex 39.3332 21.5776 0.5
    endloop
  endfacet
  facet normal 0 0 -1
    outer loop
      vertex 34 -30 0.5
      vertex 36 -32 0.5
      vertex 35.4824 -31.9319 0.5
    endloop
  endfacet
  facet normal 0 0 -1
    outer loop
      vertex 39.3332 21.5776 0.5
      vertex 34 30 0.5
      vertex 39.3 22 0.5
    endloop
  endfacet
  facet normal 0 0 -1
    outer loop
      vertex 34 -30 0.5
      vertex 35.4824 -31.9319 0.5
      vertex 35 -31.732 0.5
    endloop
  endfacet
  facet normal 0 0 -1
    outer loop
      vertex 40.413 24.1843 0.5
      vertex 34 30 0.5
      vertex 36 32 0.5
    endloop
  endfacet
  facet normal 0 0 -1
    outer loop
      vertex 34 -30 0.5
      vertex 35 -31.732 0.5
      vertex 34.5858 -31.4142 0.5
    endloop
  endfacet
  facet normal 0 0 -1
    outer loop
      vertex 36 32 0.5
      vertex 34 30 0.5
      vertex 35.4824 31.9319 0.5
    endloop
  endfacet
  facet normal 0 0 -1
    outer loop
      vertex 34 -30 0.5
      vertex 34.5858 -31.4142 0.5
      vertex 34.268 -31 0.5
    endloop
  endfacet
  facet normal 0 0 -1
    outer loop
      vertex 35.4824 31.9319 0.5
      vertex 34 30 0.5
      vertex 35 31.732 0.5
    endloop
  endfacet
  facet normal 0 0 -1
    outer loop
      vertex 34 -30 0.5
      vertex 34.268 -31 0.5
      vertex 34.0681 -30.5176 0.5
    endloop
  endfacet
  facet normal 0 0 -1
    outer loop
      vertex 35 31.732 0.5
      vertex 34 30 0.5
      vertex 34.5858 31.4142 0.5
    endloop
  endfacet
  facet normal 0 0 -1
    outer loop
      vertex 34.5858 31.4142 0.5
      vertex 34 30 0.5
      vertex 34.268 31 0.5
    endloop
  endfacet
  facet normal 0 0 -1
    outer loop
      vertex 34.268 31 0.5
      vertex 34 30 0.5
      vertex 34.0681 30.5176 0.5
    endloop
  endfacet
  facet normal -0.130445 0.991456 0
    outer loop
      vertex 36 32 0.5
      vertex 35.4824 31.9319 6.5
      vertex 36 32 6.5
    endloop
  endfacet
  facet normal -0.130445 0.991456 0
    outer loop
      vertex 35.4824 31.9319 6.5
      vertex 36 32 0.5
      vertex 35.4824 31.9319 0.5
    endloop
  endfacet
  facet normal -0.793378 -0.608729 0
    outer loop
      vertex 34.5858 -31.4142 0.5
      vertex 34.268 -31 6.5
      vertex 34.268 -31 0.5
    endloop
  endfacet
  facet normal -0.793378 -0.608729 0
    outer loop
      vertex 34.268 -31 6.5
      vertex 34.5858 -31.4142 0.5
      vertex 34.5858 -31.4142 6.5
    endloop
  endfacet
  facet normal 0 1 0
    outer loop
      vertex 56 32 7
      vertex 50 32 6.5
      vertex 50 32 7
    endloop
  endfacet
  facet normal 0 1 0
    outer loop
      vertex 50 32 6.5
      vertex 50 32 0.5
      vertex 36 32 6.5
    endloop
  endfacet
  facet normal 0 1 0
    outer loop
      vertex 56 32 7
      vertex 50 32 0.5
      vertex 50 32 6.5
    endloop
  endfacet
  facet normal 0 1 -0
    outer loop
      vertex 56 32 0
      vertex 50 32 0.5
      vertex 56 32 7
    endloop
  endfacet
  facet normal 0 1 0
    outer loop
      vertex 50 32 0.5
      vertex 56 32 0
      vertex 50 32 0
    endloop
  endfacet
  facet normal 0 1 0
    outer loop
      vertex 36 32 6.5
      vertex 50 32 0.5
      vertex 36 32 0.5
    endloop
  endfacet
  facet normal 0 -1 0
    outer loop
      vertex 36 -32 6.5
      vertex 36 -32 0.5
      vertex 50 -32 6.5
    endloop
  endfacet
  facet normal 0 -1 0
    outer loop
      vertex 50 -32 6.5
      vertex 56 -32 7
      vertex 50 -32 7
    endloop
  endfacet
  facet normal 0 -1 0
    outer loop
      vertex 50 -32 0.5
      vertex 50 -32 6.5
      vertex 36 -32 0.5
    endloop
  endfacet
  facet normal 0 -1 0
    outer loop
      vertex 50 -32 6.5
      vertex 50 -32 0.5
      vertex 56 -32 7
    endloop
  endfacet
  facet normal 0 -1 0
    outer loop
      vertex 56 -32 0
      vertex 50 -32 0.5
      vertex 50 -32 0
    endloop
  endfacet
  facet normal 0 -1 0
    outer loop
      vertex 50 -32 0.5
      vertex 56 -32 0
      vertex 56 -32 7
    endloop
  endfacet
  facet normal -0.991456 0.130445 0
    outer loop
      vertex 34 30 0.5
      vertex 34.0681 30.5176 6.5
      vertex 34.0681 30.5176 0.5
    endloop
  endfacet
  facet normal -0.991456 0.130445 0
    outer loop
      vertex 34.0681 30.5176 6.5
      vertex 34 30 0.5
      vertex 34 30 6.5
    endloop
  endfacet
  facet normal -0.991456 -0.130445 0
    outer loop
      vertex 34.0681 -30.5176 0.5
      vertex 34 -30 6.5
      vertex 34 -30 0.5
    endloop
  endfacet
  facet normal -0.991456 -0.130445 0
    outer loop
      vertex 34 -30 6.5
      vertex 34.0681 -30.5176 0.5
      vertex 34.0681 -30.5176 6.5
    endloop
  endfacet
  facet normal -0.923823 0.38282 0
    outer loop
      vertex 34.0681 30.5176 0.5
      vertex 34.268 31 6.5
      vertex 34.268 31 0.5
    endloop
  endfacet
  facet normal -0.923823 0.38282 0
    outer loop
      vertex 34.268 31 6.5
      vertex 34.0681 30.5176 0.5
      vertex 34.0681 30.5176 6.5
    endloop
  endfacet
  facet normal -1 0 0
    outer loop
      vertex 34 -30 0.5
      vertex 34 30 6.5
      vertex 34 30 0.5
    endloop
  endfacet
  facet normal -1 -0 0
    outer loop
      vertex 34 30 6.5
      vertex 34 -30 0.5
      vertex 34 -30 6.5
    endloop
  endfacet
  facet normal -0.38282 -0.923823 0
    outer loop
      vertex 35 -31.732 0.5
      vertex 35.4824 -31.9319 6.5
      vertex 35 -31.732 6.5
    endloop
  endfacet
  facet normal -0.38282 -0.923823 -0
    outer loop
      vertex 35.4824 -31.9319 6.5
      vertex 35 -31.732 0.5
      vertex 35.4824 -31.9319 0.5
    endloop
  endfacet
  facet normal -0.608729 0.793378 0
    outer loop
      vertex 35 31.732 0.5
      vertex 34.5858 31.4142 6.5
      vertex 35 31.732 6.5
    endloop
  endfacet
  facet normal -0.608729 0.793378 0
    outer loop
      vertex 34.5858 31.4142 6.5
      vertex 35 31.732 0.5
      vertex 34.5858 31.4142 0.5
    endloop
  endfacet
  facet normal -0.923823 -0.38282 0
    outer loop
      vertex 34.268 -31 0.5
      vertex 34.0681 -30.5176 6.5
      vertex 34.0681 -30.5176 0.5
    endloop
  endfacet
  facet normal -0.923823 -0.38282 0
    outer loop
      vertex 34.0681 -30.5176 6.5
      vertex 34.268 -31 0.5
      vertex 34.268 -31 6.5
    endloop
  endfacet
  facet normal -0.793378 0.608729 0
    outer loop
      vertex 34.268 31 0.5
      vertex 34.5858 31.4142 6.5
      vertex 34.5858 31.4142 0.5
    endloop
  endfacet
  facet normal -0.793378 0.608729 0
    outer loop
      vertex 34.5858 31.4142 6.5
      vertex 34.268 31 0.5
      vertex 34.268 31 6.5
    endloop
  endfacet
  facet normal -0.38282 0.923823 0
    outer loop
      vertex 35.4824 31.9319 0.5
      vertex 35 31.732 6.5
      vertex 35.4824 31.9319 6.5
    endloop
  endfacet
  facet normal -0.38282 0.923823 0
    outer loop
      vertex 35 31.732 6.5
      vertex 35.4824 31.9319 0.5
      vertex 35 31.732 0.5
    endloop
  endfacet
  facet normal 0.130445 -0.991456 0
    outer loop
      vertex -36 -32 0.5
      vertex -35.4824 -31.9319 6.5
      vertex -36 -32 6.5
    endloop
  endfacet
  facet normal 0.130445 -0.991456 0
    outer loop
      vertex -35.4824 -31.9319 6.5
      vertex -36 -32 0.5
      vertex -35.4824 -31.9319 0.5
    endloop
  endfacet
  facet normal 0.608729 0.793378 -0
    outer loop
      vertex -34.5858 31.4142 0.5
      vertex -35 31.732 6.5
      vertex -34.5858 31.4142 6.5
    endloop
  endfacet
  facet normal 0.608729 0.793378 0
    outer loop
      vertex -35 31.732 6.5
      vertex -34.5858 31.4142 0.5
      vertex -35 31.732 0.5
    endloop
  endfacet
  facet normal 0.38282 0.923823 -0
    outer loop
      vertex -35 31.732 0.5
      vertex -35.4824 31.9319 6.5
      vertex -35 31.732 6.5
    endloop
  endfacet
  facet normal 0.38282 0.923823 0
    outer loop
      vertex -35.4824 31.9319 6.5
      vertex -35 31.732 0.5
      vertex -35.4824 31.9319 0.5
    endloop
  endfacet
  facet normal -0 0 1
    outer loop
      vertex -39.3442 17.4 6.5
      vertex -36.6884 -22 6.5
      vertex -36.6884 22 6.5
    endloop
  endfacet
  facet normal 0 0 1
    outer loop
      vertex -39.3442 17.4 6.5
      vertex -39.3442 -17.4 6.5
      vertex -36.6884 -22 6.5
    endloop
  endfacet
  facet normal -0 0 1
    outer loop
      vertex -44.6558 17.4 6.5
      vertex -39.3442 -17.4 6.5
      vertex -39.3442 17.4 6.5
    endloop
  endfacet
  facet normal 0 0 1
    outer loop
      vertex -44.6558 17.4 6.5
      vertex -44.6558 -17.4 6.5
      vertex -39.3442 -17.4 6.5
    endloop
  endfacet
  facet normal 0 0 1
    outer loop
      vertex -47.3116 22 6.5
      vertex -44.6558 -17.4 6.5
      vertex -44.6558 17.4 6.5
    endloop
  endfacet
  facet normal 0 0 1
    outer loop
      vertex -44.6558 -17.4 6.5
      vertex -47.3116 22 6.5
      vertex -47.3116 -22 6.5
    endloop
  endfacet
  facet normal 0 0 1
    outer loop
      vertex -36 32 6.5
      vertex -34 30 6.5
      vertex -34.0681 30.5176 6.5
    endloop
  endfacet
  facet normal 0 0 1
    outer loop
      vertex -34 30 6.5
      vertex -36.6884 22 6.5
      vertex -34 -30 6.5
    endloop
  endfacet
  facet normal 0 0 1
    outer loop
      vertex -36 32 6.5
      vertex -34.0681 30.5176 6.5
      vertex -34.268 31 6.5
    endloop
  endfacet
  facet normal -0 0 1
    outer loop
      vertex -36.6884 -22 6.5
      vertex -34 -30 6.5
      vertex -36.6884 22 6.5
    endloop
  endfacet
  facet normal 0 0 1
    outer loop
      vertex -36 32 6.5
      vertex -34.268 31 6.5
      vertex -34.5858 31.4142 6.5
    endloop
  endfacet
  facet normal -0 0 1
    outer loop
      vertex -39.3442 -26.6 6.5
      vertex -34 -30 6.5
      vertex -36.6884 -22 6.5
    endloop
  endfacet
  facet normal 0 0 1
    outer loop
      vertex -36 32 6.5
      vertex -34.5858 31.4142 6.5
      vertex -35 31.732 6.5
    endloop
  endfacet
  facet normal 0 -0 1
    outer loop
      vertex -36 -32 6.5
      vertex -34 -30 6.5
      vertex -39.3442 -26.6 6.5
    endloop
  endfacet
  facet normal 0 0 1
    outer loop
      vertex -36 32 6.5
      vertex -35 31.732 6.5
      vertex -35.4824 31.9319 6.5
    endloop
  endfacet
  facet normal 0 0 1
    outer loop
      vertex -34 -30 6.5
      vertex -36 -32 6.5
      vertex -34.0681 -30.5176 6.5
    endloop
  endfacet
  facet normal 0 0 1
    outer loop
      vertex -34 30 6.5
      vertex -36 32 6.5
      vertex -39.3442 26.6 6.5
    endloop
  endfacet
  facet normal 0 0 1
    outer loop
      vertex -34.0681 -30.5176 6.5
      vertex -36 -32 6.5
      vertex -34.268 -31 6.5
    endloop
  endfacet
  facet normal 0 0 1
    outer loop
      vertex -34.268 -31 6.5
      vertex -36 -32 6.5
      vertex -34.5858 -31.4142 6.5
    endloop
  endfacet
  facet normal 0 0 1
    outer loop
      vertex -34 30 6.5
      vertex -39.3442 26.6 6.5
      vertex -36.6884 22 6.5
    endloop
  endfacet
  facet normal 0 0 1
    outer loop
      vertex -36 32 6.5
      vertex -44.6558 26.6 6.5
      vertex -39.3442 26.6 6.5
    endloop
  endfacet
  facet normal 0 0 1
    outer loop
      vertex -47.3116 22 6.5
      vertex -50 32 6.5
      vertex -47.3116 -22 6.5
    endloop
  endfacet
  facet normal 0 0 1
    outer loop
      vertex -44.6558 26.6 6.5
      vertex -50 32 6.5
      vertex -47.3116 22 6.5
    endloop
  endfacet
  facet normal -0 0 1
    outer loop
      vertex -50 32 6.5
      vertex -44.6558 26.6 6.5
      vertex -36 32 6.5
    endloop
  endfacet
  facet normal 0 0 1
    outer loop
      vertex -34.5858 -31.4142 6.5
      vertex -36 -32 6.5
      vertex -35 -31.732 6.5
    endloop
  endfacet
  facet normal 0 0 1
    outer loop
      vertex -35 -31.732 6.5
      vertex -36 -32 6.5
      vertex -35.4824 -31.9319 6.5
    endloop
  endfacet
  facet normal -0 0 1
    outer loop
      vertex -44.6558 -26.6 6.5
      vertex -36 -32 6.5
      vertex -39.3442 -26.6 6.5
    endloop
  endfacet
  facet normal 0 0 1
    outer loop
      vertex -44.6558 -26.6 6.5
      vertex -50 -32 6.5
      vertex -36 -32 6.5
    endloop
  endfacet
  facet normal 0 0 1
    outer loop
      vertex -47.3116 -22 6.5
      vertex -50 -32 6.5
      vertex -44.6558 -26.6 6.5
    endloop
  endfacet
  facet normal 0 0 1
    outer loop
      vertex -50 -32 6.5
      vertex -47.3116 -22 6.5
      vertex -50 32 6.5
    endloop
  endfacet
  facet normal 0 0 -1
    outer loop
      vertex -39.5943 -20.7742 0.5
      vertex -34 -30 0.5
      vertex -39.4321 -21.1657 0.5
    endloop
  endfacet
  facet normal 0 0 -1
    outer loop
      vertex -34 30 0.5
      vertex -39.3332 21.5776 0.5
      vertex -39.3 22 0.5
    endloop
  endfacet
  facet normal 0 0 -1
    outer loop
      vertex -34 -30 0.5
      vertex -39.5943 -20.7742 0.5
      vertex -34 30 0.5
    endloop
  endfacet
  facet normal 0 0 -1
    outer loop
      vertex -34 30 0.5
      vertex -39.4321 21.1657 0.5
      vertex -39.3332 21.5776 0.5
    endloop
  endfacet
  facet normal 0 0 -1
    outer loop
      vertex -39.5943 20.7742 0.5
      vertex -34 30 0.5
      vertex -39.5943 -20.7742 0.5
    endloop
  endfacet
  facet normal 0 0 -1
    outer loop
      vertex -34 30 0.5
      vertex -39.5943 20.7742 0.5
      vertex -39.4321 21.1657 0.5
    endloop
  endfacet
  facet normal 0 0 -1
    outer loop
      vertex -39.8157 -20.413 0.5
      vertex -39.5943 20.7742 0.5
      vertex -39.5943 -20.7742 0.5
    endloop
  endfacet
  facet normal 0 0 -1
    outer loop
      vertex -39.8157 -20.413 0.5
      vertex -39.8157 20.413 0.5
      vertex -39.5943 20.7742 0.5
    endloop
  endfacet
  facet normal 0 0 -1
    outer loop
      vertex -40.0908 -20.0908 0.5
      vertex -39.8157 20.413 0.5
      vertex -39.8157 -20.413 0.5
    endloop
  endfacet
  facet normal 0 0 -1
    outer loop
      vertex -40.0908 -20.0908 0.5
      vertex -40.0908 20.0908 0.5
      vertex -39.8157 20.413 0.5
    endloop
  endfacet
  facet normal 0 0 -1
    outer loop
      vertex -40.413 -19.8157 0.5
      vertex -40.0908 20.0908 0.5
      vertex -40.0908 -20.0908 0.5
    endloop
  endfacet
  facet normal 0 0 -1
    outer loop
      vertex -40.413 -19.8157 0.5
      vertex -40.413 19.8157 0.5
      vertex -40.0908 20.0908 0.5
    endloop
  endfacet
  facet normal 0 0 -1
    outer loop
      vertex -40.7742 -19.5943 0.5
      vertex -40.413 19.8157 0.5
      vertex -40.413 -19.8157 0.5
    endloop
  endfacet
  facet normal 0 0 -1
    outer loop
      vertex -40.7742 -19.5943 0.5
      vertex -40.7742 19.5943 0.5
      vertex -40.413 19.8157 0.5
    endloop
  endfacet
  facet normal 0 0 -1
    outer loop
      vertex -41.1657 -19.4321 0.5
      vertex -40.7742 19.5943 0.5
      vertex -40.7742 -19.5943 0.5
    endloop
  endfacet
  facet normal 0 0 -1
    outer loop
      vertex -41.1657 -19.4321 0.5
      vertex -41.1657 19.4321 0.5
      vertex -40.7742 19.5943 0.5
    endloop
  endfacet
  facet normal 0 0 -1
    outer loop
      vertex -41.5776 -19.3332 0.5
      vertex -41.1657 19.4321 0.5
      vertex -41.1657 -19.4321 0.5
    endloop
  endfacet
  facet normal 0 0 -1
    outer loop
      vertex -41.5776 -19.3332 0.5
      vertex -41.5776 19.3332 0.5
      vertex -41.1657 19.4321 0.5
    endloop
  endfacet
  facet normal 0 0 -1
    outer loop
      vertex -42 -19.3 0.5
      vertex -41.5776 19.3332 0.5
      vertex -41.5776 -19.3332 0.5
    endloop
  endfacet
  facet normal 0 0 -1
    outer loop
      vertex -42 -19.3 0.5
      vertex -42 19.3 0.5
      vertex -41.5776 19.3332 0.5
    endloop
  endfacet
  facet normal 0 0 -1
    outer loop
      vertex -42.4224 -19.3332 0.5
      vertex -42 19.3 0.5
      vertex -42 -19.3 0.5
    endloop
  endfacet
  facet normal 0 0 -1
    outer loop
      vertex -42.4224 -19.3332 0.5
      vertex -42.4224 19.3332 0.5
      vertex -42 19.3 0.5
    endloop
  endfacet
  facet normal 0 0 -1
    outer loop
      vertex -42.8343 -19.4321 0.5
      vertex -42.4224 19.3332 0.5
      vertex -42.4224 -19.3332 0.5
    endloop
  endfacet
  facet normal 0 0 -1
    outer loop
      vertex -42.8343 -19.4321 0.5
      vertex -42.8343 19.4321 0.5
      vertex -42.4224 19.3332 0.5
    endloop
  endfacet
  facet normal 0 0 -1
    outer loop
      vertex -43.2258 -19.5943 0.5
      vertex -42.8343 19.4321 0.5
      vertex -42.8343 -19.4321 0.5
    endloop
  endfacet
  facet normal 0 0 -1
    outer loop
      vertex -43.2258 -19.5943 0.5
      vertex -43.2258 19.5943 0.5
      vertex -42.8343 19.4321 0.5
    endloop
  endfacet
  facet normal 0 0 -1
    outer loop
      vertex -43.587 -19.8157 0.5
      vertex -43.2258 19.5943 0.5
      vertex -43.2258 -19.5943 0.5
    endloop
  endfacet
  facet normal 0 0 -1
    outer loop
      vertex -43.587 -19.8157 0.5
      vertex -43.587 19.8157 0.5
      vertex -43.2258 19.5943 0.5
    endloop
  endfacet
  facet normal 0 0 -1
    outer loop
      vertex -43.9092 -20.0908 0.5
      vertex -43.587 19.8157 0.5
      vertex -43.587 -19.8157 0.5
    endloop
  endfacet
  facet normal 0 0 -1
    outer loop
      vertex -43.9092 -20.0908 0.5
      vertex -43.9092 20.0908 0.5
      vertex -43.587 19.8157 0.5
    endloop
  endfacet
  facet normal 0 0 -1
    outer loop
      vertex -44.1843 -20.413 0.5
      vertex -43.9092 20.0908 0.5
      vertex -43.9092 -20.0908 0.5
    endloop
  endfacet
  facet normal 0 0 -1
    outer loop
      vertex -44.1843 -20.413 0.5
      vertex -44.1843 20.413 0.5
      vertex -43.9092 20.0908 0.5
    endloop
  endfacet
  facet normal 0 0 -1
    outer loop
      vertex -44.4057 -20.7742 0.5
      vertex -44.1843 20.413 0.5
      vertex -44.1843 -20.413 0.5
    endloop
  endfacet
  facet normal 0 0 -1
    outer loop
      vertex -44.4057 -20.7742 0.5
      vertex -44.4057 20.7742 0.5
      vertex -44.1843 20.413 0.5
    endloop
  endfacet
  facet normal 0 0 -1
    outer loop
      vertex -44.5679 -21.1657 0.5
      vertex -44.4057 20.7742 0.5
      vertex -44.4057 -20.7742 0.5
    endloop
  endfacet
  facet normal 0 0 -1
    outer loop
      vertex -44.5679 -21.1657 0.5
      vertex -44.5679 21.1657 0.5
      vertex -44.4057 20.7742 0.5
    endloop
  endfacet
  facet normal 0 0 -1
    outer loop
      vertex -50 -32 0.5
      vertex -44.5679 -21.1657 0.5
      vertex -44.6668 -21.5776 0.5
    endloop
  endfacet
  facet normal -0 0 -1
    outer loop
      vertex -44.5679 -21.1657 0.5
      vertex -50 -32 0.5
      vertex -44.5679 21.1657 0.5
    endloop
  endfacet
  facet normal 0 0 -1
    outer loop
      vertex -50 -32 0.5
      vertex -44.6668 -21.5776 0.5
      vertex -44.7 -22 0.5
    endloop
  endfacet
  facet normal 0 0 -1
    outer loop
      vertex -50 32 0.5
      vertex -44.5679 21.1657 0.5
      vertex -50 -32 0.5
    endloop
  endfacet
  facet normal 0 0 -1
    outer loop
      vertex -36 -32 0.5
      vertex -34 -30 0.5
      vertex -34.0681 -30.5176 0.5
    endloop
  endfacet
  facet normal 0 0 -1
    outer loop
      vertex -39.3332 -21.5776 0.5
      vertex -34 -30 0.5
      vertex -39.3 -22 0.5
    endloop
  endfacet
  facet normal 0 0 -1
    outer loop
      vertex -36 -32 0.5
      vertex -34.0681 -30.5176 0.5
      vertex -34.268 -31 0.5
    endloop
  endfacet
  facet normal 0 0 -1
    outer loop
      vertex -39.4321 -21.1657 0.5
      vertex -34 -30 0.5
      vertex -39.3332 -21.5776 0.5
    endloop
  endfacet
  facet normal 0 0 -1
    outer loop
      vertex -36 -32 0.5
      vertex -34.268 -31 0.5
      vertex -34.5858 -31.4142 0.5
    endloop
  endfacet
  facet normal 0 0 -1
    outer loop
      vertex -39.3332 22.4224 0.5
      vertex -34 30 0.5
      vertex -39.3 22 0.5
    endloop
  endfacet
  facet normal 0 0 -1
    outer loop
      vertex -36 -32 0.5
      vertex -34.5858 -31.4142 0.5
      vertex -35 -31.732 0.5
    endloop
  endfacet
  facet normal 0 0 -1
    outer loop
      vertex -39.4321 22.8343 0.5
      vertex -34 30 0.5
      vertex -39.3332 22.4224 0.5
    endloop
  endfacet
  facet normal 0 0 -1
    outer loop
      vertex -36 -32 0.5
      vertex -35 -31.732 0.5
      vertex -35.4824 -31.9319 0.5
    endloop
  endfacet
  facet normal 0 0 -1
    outer loop
      vertex -39.5943 23.2258 0.5
      vertex -34 30 0.5
      vertex -39.4321 22.8343 0.5
    endloop
  endfacet
  facet normal -0 0 -1
    outer loop
      vertex -34 -30 0.5
      vertex -36 -32 0.5
      vertex -40.413 -24.1843 0.5
    endloop
  endfacet
  facet normal 0 0 -1
    outer loop
      vertex -39.8157 23.587 0.5
      vertex -34 30 0.5
      vertex -39.5943 23.2258 0.5
    endloop
  endfacet
  facet normal 0 0 -1
    outer loop
      vertex -40.0908 23.9092 0.5
      vertex -34 30 0.5
      vertex -39.8157 23.587 0.5
    endloop
  endfacet
  facet normal 0 0 -1
    outer loop
      vertex -34 -30 0.5
      vertex -39.3332 -22.4224 0.5
      vertex -39.3 -22 0.5
    endloop
  endfacet
  facet normal 0 0 -1
    outer loop
      vertex -34 -30 0.5
      vertex -39.4321 -22.8343 0.5
      vertex -39.3332 -22.4224 0.5
    endloop
  endfacet
  facet normal 0 0 -1
    outer loop
      vertex -34 -30 0.5
      vertex -39.5943 -23.2258 0.5
      vertex -39.4321 -22.8343 0.5
    endloop
  endfacet
  facet normal 0 0 -1
    outer loop
      vertex -34 -30 0.5
      vertex -39.8157 -23.587 0.5
      vertex -39.5943 -23.2258 0.5
    endloop
  endfacet
  facet normal 0 0 -1
    outer loop
      vertex -34 -30 0.5
      vertex -40.0908 -23.9092 0.5
      vertex -39.8157 -23.587 0.5
    endloop
  endfacet
  facet normal 0 0 -1
    outer loop
      vertex -34 -30 0.5
      vertex -40.413 -24.1843 0.5
      vertex -40.0908 -23.9092 0.5
    endloop
  endfacet
  facet normal 0 0 -1
    outer loop
      vertex -36 -32 0.5
      vertex -40.7742 -24.4057 0.5
      vertex -40.413 -24.1843 0.5
    endloop
  endfacet
  facet normal 0 0 -1
    outer loop
      vertex -36 -32 0.5
      vertex -41.1657 -24.5679 0.5
      vertex -40.7742 -24.4057 0.5
    endloop
  endfacet
  facet normal 0 0 -1
    outer loop
      vertex -36 -32 0.5
      vertex -41.5776 -24.6668 0.5
      vertex -41.1657 -24.5679 0.5
    endloop
  endfacet
  facet normal 0 0 -1
    outer loop
      vertex -36 -32 0.5
      vertex -42 -24.7 0.5
      vertex -41.5776 -24.6668 0.5
    endloop
  endfacet
  facet normal 0 0 -1
    outer loop
      vertex -36 -32 0.5
      vertex -42.4224 -24.6668 0.5
      vertex -42 -24.7 0.5
    endloop
  endfacet
  facet normal 0 0 -1
    outer loop
      vertex -50 -32 0.5
      vertex -42.4224 -24.6668 0.5
      vertex -36 -32 0.5
    endloop
  endfacet
  facet normal -0 0 -1
    outer loop
      vertex -42.4224 -24.6668 0.5
      vertex -50 -32 0.5
      vertex -42.8343 -24.5679 0.5
    endloop
  endfacet
  facet normal -0 0 -1
    outer loop
      vertex -42.8343 -24.5679 0.5
      vertex -50 -32 0.5
      vertex -43.2258 -24.4057 0.5
    endloop
  endfacet
  facet normal -0 0 -1
    outer loop
      vertex -43.2258 -24.4057 0.5
      vertex -50 -32 0.5
      vertex -43.587 -24.1843 0.5
    endloop
  endfacet
  facet normal 0 0 -1
    outer loop
      vertex -44.5679 21.1657 0.5
      vertex -50 32 0.5
      vertex -44.6668 21.5776 0.5
    endloop
  endfacet
  facet normal -0 0 -1
    outer loop
      vertex -44.6668 -22.4224 0.5
      vertex -50 -32 0.5
      vertex -44.7 -22 0.5
    endloop
  endfacet
  facet normal -0 0 -1
    outer loop
      vertex -44.5679 -22.8343 0.5
      vertex -50 -32 0.5
      vertex -44.6668 -22.4224 0.5
    endloop
  endfacet
  facet normal -0 0 -1
    outer loop
      vertex -44.4057 -23.2258 0.5
      vertex -50 -32 0.5
      vertex -44.5679 -22.8343 0.5
    endloop
  endfacet
  facet normal -0 0 -1
    outer loop
      vertex -44.1843 -23.587 0.5
      vertex -50 -32 0.5
      vertex -44.4057 -23.2258 0.5
    endloop
  endfacet
  facet normal -0 0 -1
    outer loop
      vertex -43.9092 -23.9092 0.5
      vertex -50 -32 0.5
      vertex -44.1843 -23.587 0.5
    endloop
  endfacet
  facet normal -0 0 -1
    outer loop
      vertex -43.587 -24.1843 0.5
      vertex -50 -32 0.5
      vertex -43.9092 -23.9092 0.5
    endloop
  endfacet
  facet normal 0 0 -1
    outer loop
      vertex -40.413 24.1843 0.5
      vertex -34 30 0.5
      vertex -40.0908 23.9092 0.5
    endloop
  endfacet
  facet normal 0 -0 -1
    outer loop
      vertex -36 32 0.5
      vertex -34 30 0.5
      vertex -40.413 24.1843 0.5
    endloop
  endfacet
  facet normal 0 0 -1
    outer loop
      vertex -34 30 0.5
      vertex -36 32 0.5
      vertex -34.0681 30.5176 0.5
    endloop
  endfacet
  facet normal 0 0 -1
    outer loop
      vertex -34.268 31 0.5
      vertex -36 32 0.5
      vertex -34.5858 31.4142 0.5
    endloop
  endfacet
  facet normal 0 0 -1
    outer loop
      vertex -34.5858 31.4142 0.5
      vertex -36 32 0.5
      vertex -35 31.732 0.5
    endloop
  endfacet
  facet normal 0 0 -1
    outer loop
      vertex -35 31.732 0.5
      vertex -36 32 0.5
      vertex -35.4824 31.9319 0.5
    endloop
  endfacet
  facet normal 0 0 -1
    outer loop
      vertex -34.0681 30.5176 0.5
      vertex -36 32 0.5
      vertex -34.268 31 0.5
    endloop
  endfacet
  facet normal 0 0 -1
    outer loop
      vertex -40.7742 24.4057 0.5
      vertex -36 32 0.5
      vertex -40.413 24.1843 0.5
    endloop
  endfacet
  facet normal 0 0 -1
    outer loop
      vertex -41.1657 24.5679 0.5
      vertex -36 32 0.5
      vertex -40.7742 24.4057 0.5
    endloop
  endfacet
  facet normal 0 0 -1
    outer loop
      vertex -41.5776 24.6668 0.5
      vertex -36 32 0.5
      vertex -41.1657 24.5679 0.5
    endloop
  endfacet
  facet normal 0 0 -1
    outer loop
      vertex -42 24.7 0.5
      vertex -36 32 0.5
      vertex -41.5776 24.6668 0.5
    endloop
  endfacet
  facet normal 0 0 -1
    outer loop
      vertex -42.4224 24.6668 0.5
      vertex -36 32 0.5
      vertex -42 24.7 0.5
    endloop
  endfacet
  facet normal 0 0 -1
    outer loop
      vertex -50 32 0.5
      vertex -42.4224 24.6668 0.5
      vertex -42.8343 24.5679 0.5
    endloop
  endfacet
  facet normal 0 0 -1
    outer loop
      vertex -50 32 0.5
      vertex -42.8343 24.5679 0.5
      vertex -43.2258 24.4057 0.5
    endloop
  endfacet
  facet normal 0 0 -1
    outer loop
      vertex -50 32 0.5
      vertex -43.2258 24.4057 0.5
      vertex -43.587 24.1843 0.5
    endloop
  endfacet
  facet normal 0 0 -1
    outer loop
      vertex -50 32 0.5
      vertex -43.587 24.1843 0.5
      vertex -43.9092 23.9092 0.5
    endloop
  endfacet
  facet normal 0 0 -1
    outer loop
      vertex -44.6668 21.5776 0.5
      vertex -50 32 0.5
      vertex -44.7 22 0.5
    endloop
  endfacet
  facet normal 0 0 -1
    outer loop
      vertex -42.4224 24.6668 0.5
      vertex -50 32 0.5
      vertex -36 32 0.5
    endloop
  endfacet
  facet normal 0 0 -1
    outer loop
      vertex -44.1843 23.587 0.5
      vertex -50 32 0.5
      vertex -43.9092 23.9092 0.5
    endloop
  endfacet
  facet normal 0 0 -1
    outer loop
      vertex -44.4057 23.2258 0.5
      vertex -50 32 0.5
      vertex -44.1843 23.587 0.5
    endloop
  endfacet
  facet normal 0 0 -1
    outer loop
      vertex -44.5679 22.8343 0.5
      vertex -50 32 0.5
      vertex -44.4057 23.2258 0.5
    endloop
  endfacet
  facet normal 0 0 -1
    outer loop
      vertex -44.6668 22.4224 0.5
      vertex -50 32 0.5
      vertex -44.5679 22.8343 0.5
    endloop
  endfacet
  facet normal 0 0 -1
    outer loop
      vertex -44.7 22 0.5
      vertex -50 32 0.5
      vertex -44.6668 22.4224 0.5
    endloop
  endfacet
  facet normal 0 1 0
    outer loop
      vertex -36 32 6.5
      vertex -36 32 0.5
      vertex -50 32 6.5
    endloop
  endfacet
  facet normal 0 1 -0
    outer loop
      vertex -50 32 6.5
      vertex -56 32 7
      vertex -50 32 7
    endloop
  endfacet
  facet normal 0 1 0
    outer loop
      vertex -50 32 0.5
      vertex -50 32 6.5
      vertex -36 32 0.5
    endloop
  endfacet
  facet normal 0 1 0
    outer loop
      vertex -50 32 6.5
      vertex -50 32 0.5
      vertex -56 32 7
    endloop
  endfacet
  facet normal 0 1 0
    outer loop
      vertex -56 32 0
      vertex -50 32 0.5
      vertex -50 32 0
    endloop
  endfacet
  facet normal 0 1 0
    outer loop
      vertex -50 32 0.5
      vertex -56 32 0
      vertex -56 32 7
    endloop
  endfacet
  facet normal 0 -1 0
    outer loop
      vertex -56 -32 7
      vertex -50 -32 6.5
      vertex -50 -32 7
    endloop
  endfacet
  facet normal 0 -1 0
    outer loop
      vertex -50 -32 6.5
      vertex -50 -32 0.5
      vertex -36 -32 6.5
    endloop
  endfacet
  facet normal 0 -1 0
    outer loop
      vertex -56 -32 7
      vertex -50 -32 0.5
      vertex -50 -32 6.5
    endloop
  endfacet
  facet normal 0 -1 0
    outer loop
      vertex -56 -32 0
      vertex -50 -32 0.5
      vertex -56 -32 7
    endloop
  endfacet
  facet normal 0 -1 -0
    outer loop
      vertex -50 -32 0.5
      vertex -56 -32 0
      vertex -50 -32 0
    endloop
  endfacet
  facet normal 0 -1 -0
    outer loop
      vertex -36 -32 6.5
      vertex -50 -32 0.5
      vertex -36 -32 0.5
    endloop
  endfacet
  facet normal 0.991456 0.130445 0
    outer loop
      vertex -34 30 6.5
      vertex -34.0681 30.5176 0.5
      vertex -34.0681 30.5176 6.5
    endloop
  endfacet
  facet normal 0.991456 0.130445 0
    outer loop
      vertex -34.0681 30.5176 0.5
      vertex -34 30 6.5
      vertex -34 30 0.5
    endloop
  endfacet
  facet normal 1 -0 0
    outer loop
      vertex -34 -30 6.5
      vertex -34 30 0.5
      vertex -34 30 6.5
    endloop
  endfacet
  facet normal 1 0 0
    outer loop
      vertex -34 30 0.5
      vertex -34 -30 6.5
      vertex -34 -30 0.5
    endloop
  endfacet
  facet normal 0.923823 0.38282 0
    outer loop
      vertex -34.0681 30.5176 6.5
      vertex -34.268 31 0.5
      vertex -34.268 31 6.5
    endloop
  endfacet
  facet normal 0.923823 0.38282 0
    outer loop
      vertex -34.268 31 0.5
      vertex -34.0681 30.5176 6.5
      vertex -34.0681 30.5176 0.5
    endloop
  endfacet
  facet normal 0.991456 -0.130445 0
    outer loop
      vertex -34.0681 -30.5176 6.5
      vertex -34 -30 0.5
      vertex -34 -30 6.5
    endloop
  endfacet
  facet normal 0.991456 -0.130445 0
    outer loop
      vertex -34 -30 0.5
      vertex -34.0681 -30.5176 6.5
      vertex -34.0681 -30.5176 0.5
    endloop
  endfacet
  facet normal 0.608729 -0.793378 0
    outer loop
      vertex -35 -31.732 0.5
      vertex -34.5858 -31.4142 6.5
      vertex -35 -31.732 6.5
    endloop
  endfacet
  facet normal 0.608729 -0.793378 0
    outer loop
      vertex -34.5858 -31.4142 6.5
      vertex -35 -31.732 0.5
      vertex -34.5858 -31.4142 0.5
    endloop
  endfacet
  facet normal 0.793378 -0.608729 0
    outer loop
      vertex -34.5858 -31.4142 6.5
      vertex -34.268 -31 0.5
      vertex -34.268 -31 6.5
    endloop
  endfacet
  facet normal 0.793378 -0.608729 0
    outer loop
      vertex -34.268 -31 0.5
      vertex -34.5858 -31.4142 6.5
      vertex -34.5858 -31.4142 0.5
    endloop
  endfacet
  facet normal 0.130445 0.991456 -0
    outer loop
      vertex -35.4824 31.9319 0.5
      vertex -36 32 6.5
      vertex -35.4824 31.9319 6.5
    endloop
  endfacet
  facet normal 0.130445 0.991456 0
    outer loop
      vertex -36 32 6.5
      vertex -35.4824 31.9319 0.5
      vertex -36 32 0.5
    endloop
  endfacet
  facet normal 0.793378 0.608729 0
    outer loop
      vertex -34.268 31 6.5
      vertex -34.5858 31.4142 0.5
      vertex -34.5858 31.4142 6.5
    endloop
  endfacet
  facet normal 0.793378 0.608729 0
    outer loop
      vertex -34.5858 31.4142 0.5
      vertex -34.268 31 6.5
      vertex -34.268 31 0.5
    endloop
  endfacet
  facet normal 0.38282 -0.923823 0
    outer loop
      vertex -35.4824 -31.9319 0.5
      vertex -35 -31.732 6.5
      vertex -35.4824 -31.9319 6.5
    endloop
  endfacet
  facet normal 0.38282 -0.923823 0
    outer loop
      vertex -35 -31.732 6.5
      vertex -35.4824 -31.9319 0.5
      vertex -35 -31.732 0.5
    endloop
  endfacet
  facet normal 0.923823 -0.38282 0
    outer loop
      vertex -34.268 -31 6.5
      vertex -34.0681 -30.5176 0.5
      vertex -34.0681 -30.5176 6.5
    endloop
  endfacet
  facet normal 0.923823 -0.38282 0
    outer loop
      vertex -34.0681 -30.5176 0.5
      vertex -34.268 -31 6.5
      vertex -34.268 -31 0.5
    endloop
  endfacet
  facet normal 0 0 -1
    outer loop
      vertex 50 -32 0
      vertex 56 32 0
      vertex 56 -32 0
    endloop
  endfacet
  facet normal -0 0 -1
    outer loop
      vertex 56 32 0
      vertex 50 -32 0
      vertex 50 32 0
    endloop
  endfacet
  facet normal 0 0.955368 0.295418
    outer loop
      vertex 56 32 7
      vertex 50 16.0804 58.4833
      vertex 56 16.0804 58.4833
    endloop
  endfacet
  facet normal 0 0.955368 0.295418
    outer loop
      vertex 50 16.0804 58.4833
      vertex 56 32 7
      vertex 50 32 7
    endloop
  endfacet
  facet normal 0 0.933183 0.359401
    outer loop
      vertex 56 15.6851 59.7079
      vertex 50 15.268 60.7909
      vertex 56 15.268 60.7909
    endloop
  endfacet
  facet normal 0 0.933183 0.359401
    outer loop
      vertex 50 15.268 60.7909
      vertex 56 15.6851 59.7079
      vertex 50 15.6851 59.7079
    endloop
  endfacet
  facet normal 0 -0.943292 0.331963
    outer loop
      vertex 50 -15.7236 59.5985
      vertex 56 -15.6851 59.7079
      vertex 50 -15.6851 59.7079
    endloop
  endfacet
  facet normal 0 -0.943292 0.331963
    outer loop
      vertex 56 -15.6851 59.7079
      vertex 50 -15.7236 59.5985
      vertex 56 -15.7236 59.5985
    endloop
  endfacet
  facet normal 0 -0.910447 0.413626
    outer loop
      vertex 50 -15.2225 60.8994
      vertex 56 -14.7472 61.9456
      vertex 50 -14.7472 61.9456
    endloop
  endfacet
  facet normal 0 -0.910447 0.413626
    outer loop
      vertex 56 -14.7472 61.9456
      vertex 50 -15.2225 60.8994
      vertex 56 -15.2225 60.8994
    endloop
  endfacet
  facet normal 0 -0.14176 0.989901
    outer loop
      vertex 50 -9.22333 68.1738
      vertex 56 -9.78476 68.0934
      vertex 56 -9.22333 68.1738
    endloop
  endfacet
  facet normal 0 -0.14176 0.989901
    outer loop
      vertex 56 -9.78476 68.0934
      vertex 50 -9.22333 68.1738
      vertex 50 -9.78476 68.0934
    endloop
  endfacet
  facet normal 0 -0.884096 0.467305
    outer loop
      vertex 50 -14.6945 62.0529
      vertex 56 -14.1635 63.0575
      vertex 50 -14.1635 63.0575
    endloop
  endfacet
  facet normal 0 -0.884096 0.467305
    outer loop
      vertex 56 -14.1635 63.0575
      vertex 50 -14.6945 62.0529
      vertex 56 -14.6945 62.0529
    endloop
  endfacet
  facet normal 0 -0.95244 0.304726
    outer loop
      vertex 50 -16.0804 58.4833
      vertex 56 -15.7236 59.5985
      vertex 50 -15.7236 59.5985
    endloop
  endfacet
  facet normal 0 -0.95244 0.304726
    outer loop
      vertex 56 -15.7236 59.5985
      vertex 50 -16.0804 58.4833
      vertex 56 -16.0804 58.4833
    endloop
  endfacet
  facet normal -0 0.5856 0.8106
    outer loop
      vertex 50 10.6125 67.6126
      vertex 56 10.1528 67.9447
      vertex 56 10.6125 67.6126
    endloop
  endfacet
  facet normal 0 0.5856 0.8106
    outer loop
      vertex 56 10.1528 67.9447
      vertex 50 10.6125 67.6126
      vertex 50 10.1528 67.9447
    endloop
  endfacet
  facet normal -0 0 1
    outer loop
      vertex 50 9.22333 68.1738
      vertex 56 -9.22333 68.1738
      vertex 56 9.22333 68.1738
    endloop
  endfacet
  facet normal 0 0 1
    outer loop
      vertex 56 -9.22333 68.1738
      vertex 50 9.22333 68.1738
      vertex 50 -9.22333 68.1738
    endloop
  endfacet
  facet normal 0 -0.933183 0.359401
    outer loop
      vertex 50 -15.6851 59.7079
      vertex 56 -15.268 60.7909
      vertex 50 -15.268 60.7909
    endloop
  endfacet
  facet normal 0 -0.933183 0.359401
    outer loop
      vertex 56 -15.268 60.7909
      vertex 50 -15.6851 59.7079
      vertex 56 -15.6851 59.7079
    endloop
  endfacet
  facet normal 0 -0.39449 0.9189
    outer loop
      vertex 50 -9.78476 68.0934
      vertex 56 -10.2278 67.9032
      vertex 56 -9.78476 68.0934
    endloop
  endfacet
  facet normal 0 -0.39449 0.9189
    outer loop
      vertex 56 -10.2278 67.9032
      vertex 50 -9.78476 68.0934
      vertex 50 -10.2278 67.9032
    endloop
  endfacet
  facet normal 0 -0.740477 0.672081
    outer loop
      vertex 50 -11.9774 66.19
      vertex 56 -11.2532 66.9879
      vertex 50 -11.2532 66.9879
    endloop
  endfacet
  facet normal 0 -0.740477 0.672081
    outer loop
      vertex 56 -11.2532 66.9879
      vertex 50 -11.9774 66.19
      vertex 56 -11.9774 66.19
    endloop
  endfacet
  facet normal 0 -0.922194 0.386727
    outer loop
      vertex 50 -15.268 60.7909
      vertex 56 -15.2225 60.8994
      vertex 50 -15.2225 60.8994
    endloop
  endfacet
  facet normal 0 -0.922194 0.386727
    outer loop
      vertex 56 -15.2225 60.8994
      vertex 50 -15.268 60.7909
      vertex 56 -15.268 60.7909
    endloop
  endfacet
  facet normal -0 0.120501 0.992713
    outer loop
      vertex 50 9.70197 68.1157
      vertex 56 9.22333 68.1738
      vertex 56 9.70197 68.1157
    endloop
  endfacet
  facet normal 0 0.120501 0.992713
    outer loop
      vertex 56 9.22333 68.1738
      vertex 50 9.70197 68.1157
      vertex 50 9.22333 68.1738
    endloop
  endfacet
  facet normal 0 0.820147 0.572153
    outer loop
      vertex 56 13.4515 64.2262
      vertex 50 12.8175 65.135
      vertex 56 12.8175 65.135
    endloop
  endfacet
  facet normal 0 0.820147 0.572153
    outer loop
      vertex 50 12.8175 65.135
      vertex 56 13.4515 64.2262
      vertex 50 13.4515 64.2262
    endloop
  endfacet
  facet normal 0 -0.854016 0.520246
    outer loop
      vertex 50 -14.1034 63.1633
      vertex 56 -13.5192 64.1223
      vertex 50 -13.5192 64.1223
    endloop
  endfacet
  facet normal 0 -0.854016 0.520246
    outer loop
      vertex 56 -13.5192 64.1223
      vertex 50 -14.1034 63.1633
      vertex 56 -14.1034 63.1633
    endloop
  endfacet
  facet normal 0 0.95244 0.304726
    outer loop
      vertex 56 16.0804 58.4833
      vertex 50 15.7236 59.5985
      vertex 56 15.7236 59.5985
    endloop
  endfacet
  facet normal 0 0.95244 0.304726
    outer loop
      vertex 50 15.7236 59.5985
      vertex 56 16.0804 58.4833
      vertex 50 16.0804 58.4833
    endloop
  endfacet
  facet normal 0 -0.955368 0.295418
    outer loop
      vertex 50 -32 7
      vertex 56 -16.0804 58.4833
      vertex 50 -16.0804 58.4833
    endloop
  endfacet
  facet normal 0 -0.955368 0.295418
    outer loop
      vertex 56 -16.0804 58.4833
      vertex 50 -32 7
      vertex 56 -32 7
    endloop
  endfacet
  facet normal 0 0.801705 0.597721
    outer loop
      vertex 56 12.8175 65.135
      vertex 50 12.7419 65.2364
      vertex 56 12.7419 65.2364
    endloop
  endfacet
  facet normal 0 0.801705 0.597721
    outer loop
      vertex 50 12.7419 65.2364
      vertex 56 12.8175 65.135
      vertex 50 12.8175 65.135
    endloop
  endfacet
  facet normal 0 0.718015 0.696027
    outer loop
      vertex 56 11.2532 66.9879
      vertex 50 11.1614 67.0826
      vertex 56 11.1614 67.0826
    endloop
  endfacet
  facet normal 0 0.718015 0.696027
    outer loop
      vertex 50 11.1614 67.0826
      vertex 56 11.2532 66.9879
      vertex 50 11.2532 66.9879
    endloop
  endfacet
  facet normal -0 0.354646 0.935001
    outer loop
      vertex 50 10.1528 67.9447
      vertex 56 9.70197 68.1157
      vertex 56 10.1528 67.9447
    endloop
  endfacet
  facet normal 0 0.354646 0.935001
    outer loop
      vertex 56 9.70197 68.1157
      vertex 50 10.1528 67.9447
      vertex 50 9.70197 68.1157
    endloop
  endfacet
  facet normal 0 -0.801705 0.597721
    outer loop
      vertex 50 -12.8175 65.135
      vertex 56 -12.7419 65.2364
      vertex 50 -12.7419 65.2364
    endloop
  endfacet
  facet normal 0 -0.801705 0.597721
    outer loop
      vertex 56 -12.7419 65.2364
      vertex 50 -12.8175 65.135
      vertex 56 -12.8175 65.135
    endloop
  endfacet
  facet normal 0 0.884096 0.467305
    outer loop
      vertex 56 14.6945 62.0529
      vertex 50 14.1635 63.0575
      vertex 56 14.1635 63.0575
    endloop
  endfacet
  facet normal 0 0.884096 0.467305
    outer loop
      vertex 50 14.1635 63.0575
      vertex 56 14.6945 62.0529
      vertex 50 14.6945 62.0529
    endloop
  endfacet
  facet normal 0 -0.820147 0.572153
    outer loop
      vertex 50 -13.4515 64.2262
      vertex 56 -12.8175 65.135
      vertex 50 -12.8175 65.135
    endloop
  endfacet
  facet normal 0 -0.820147 0.572153
    outer loop
      vertex 56 -12.8175 65.135
      vertex 50 -13.4515 64.2262
      vertex 56 -13.4515 64.2262
    endloop
  endfacet
  facet normal 0 0.740477 0.672081
    outer loop
      vertex 56 11.9774 66.19
      vertex 50 11.2532 66.9879
      vertex 56 11.2532 66.9879
    endloop
  endfacet
  facet normal 0 0.740477 0.672081
    outer loop
      vertex 50 11.2532 66.9879
      vertex 56 11.9774 66.19
      vertex 50 11.9774 66.19
    endloop
  endfacet
  facet normal 0 0.922194 0.386727
    outer loop
      vertex 56 15.268 60.7909
      vertex 50 15.2225 60.8994
      vertex 56 15.2225 60.8994
    endloop
  endfacet
  facet normal 0 0.922194 0.386727
    outer loop
      vertex 50 15.2225 60.8994
      vertex 56 15.268 60.7909
      vertex 50 15.268 60.7909
    endloop
  endfacet
  facet normal 0 0.762035 0.647536
    outer loop
      vertex 56 12.0611 66.0915
      vertex 50 11.9774 66.19
      vertex 56 11.9774 66.19
    endloop
  endfacet
  facet normal 0 0.762035 0.647536
    outer loop
      vertex 50 11.9774 66.19
      vertex 56 12.0611 66.0915
      vertex 50 12.0611 66.0915
    endloop
  endfacet
  facet normal 0 0.910447 0.413626
    outer loop
      vertex 56 15.2225 60.8994
      vertex 50 14.7472 61.9456
      vertex 56 14.7472 61.9456
    endloop
  endfacet
  facet normal 0 0.910447 0.413626
    outer loop
      vertex 50 14.7472 61.9456
      vertex 56 15.2225 60.8994
      vertex 50 15.2225 60.8994
    endloop
  endfacet
  facet normal -0 0.694613 0.719383
    outer loop
      vertex 50 11.1614 67.0826
      vertex 56 10.6125 67.6126
      vertex 56 11.1614 67.0826
    endloop
  endfacet
  facet normal 0 0.694613 0.719383
    outer loop
      vertex 56 10.6125 67.6126
      vertex 50 11.1614 67.0826
      vertex 50 10.6125 67.6126
    endloop
  endfacet
  facet normal 0 0.943292 0.331963
    outer loop
      vertex 56 15.7236 59.5985
      vertex 50 15.6851 59.7079
      vertex 56 15.6851 59.7079
    endloop
  endfacet
  facet normal 0 0.943292 0.331963
    outer loop
      vertex 50 15.6851 59.7079
      vertex 56 15.7236 59.5985
      vertex 50 15.7236 59.5985
    endloop
  endfacet
  facet normal 0 0.782331 0.622864
    outer loop
      vertex 56 12.7419 65.2364
      vertex 50 12.0611 66.0915
      vertex 56 12.0611 66.0915
    endloop
  endfacet
  facet normal 0 0.782331 0.622864
    outer loop
      vertex 50 12.0611 66.0915
      vertex 56 12.7419 65.2364
      vertex 50 12.7419 65.2364
    endloop
  endfacet
  facet normal 0 -0.718015 0.696027
    outer loop
      vertex 50 -11.2532 66.9879
      vertex 56 -11.1614 67.0826
      vertex 50 -11.1614 67.0826
    endloop
  endfacet
  facet normal 0 -0.718015 0.696027
    outer loop
      vertex 56 -11.1614 67.0826
      vertex 50 -11.2532 66.9879
      vertex 56 -11.2532 66.9879
    endloop
  endfacet
  facet normal 0 -0.762035 0.647536
    outer loop
      vertex 50 -12.0611 66.0915
      vertex 56 -11.9774 66.19
      vertex 50 -11.9774 66.19
    endloop
  endfacet
  facet normal 0 -0.762035 0.647536
    outer loop
      vertex 56 -11.9774 66.19
      vertex 50 -12.0611 66.0915
      vertex 56 -12.0611 66.0915
    endloop
  endfacet
  facet normal 0 0.869505 0.493925
    outer loop
      vertex 56 14.1635 63.0575
      vertex 50 14.1034 63.1633
      vertex 56 14.1034 63.1633
    endloop
  endfacet
  facet normal 0 0.869505 0.493925
    outer loop
      vertex 50 14.1034 63.1633
      vertex 56 14.1635 63.0575
      vertex 50 14.1635 63.0575
    endloop
  endfacet
  facet normal 0 0.897583 0.440845
    outer loop
      vertex 56 14.7472 61.9456
      vertex 50 14.6945 62.0529
      vertex 56 14.6945 62.0529
    endloop
  endfacet
  facet normal 0 0.897583 0.440845
    outer loop
      vertex 50 14.6945 62.0529
      vertex 56 14.7472 61.9456
      vertex 50 14.7472 61.9456
    endloop
  endfacet
  facet normal 0 -0.837835 0.545923
    outer loop
      vertex 50 -13.5192 64.1223
      vertex 56 -13.4515 64.2262
      vertex 50 -13.4515 64.2262
    endloop
  endfacet
  facet normal 0 -0.837835 0.545923
    outer loop
      vertex 56 -13.4515 64.2262
      vertex 50 -13.5192 64.1223
      vertex 56 -13.5192 64.1223
    endloop
  endfacet
  facet normal 0 0.854016 0.520246
    outer loop
      vertex 56 14.1034 63.1633
      vertex 50 13.5192 64.1223
      vertex 56 13.5192 64.1223
    endloop
  endfacet
  facet normal 0 0.854016 0.520246
    outer loop
      vertex 50 13.5192 64.1223
      vertex 56 14.1034 63.1633
      vertex 50 14.1034 63.1633
    endloop
  endfacet
  facet normal 0 0.837835 0.545923
    outer loop
      vertex 56 13.5192 64.1223
      vertex 50 13.4515 64.2262
      vertex 56 13.4515 64.2262
    endloop
  endfacet
  facet normal 0 0.837835 0.545923
    outer loop
      vertex 50 13.4515 64.2262
      vertex 56 13.5192 64.1223
      vertex 50 13.5192 64.1223
    endloop
  endfacet
  facet normal -1 0 0
    outer loop
      vertex 50 0.769913 36.031
      vertex 50 32 7
      vertex 50 32 6.5
    endloop
  endfacet
  facet normal -1 0 0
    outer loop
      vertex 50 32 7
      vertex 50 12.7402 48.8256
      vertex 50 16.0804 58.4833
    endloop
  endfacet
  facet normal -1 0 -0
    outer loop
      vertex 50 12.8817 49.8586
      vertex 50 16.0804 58.4833
      vertex 50 12.7574 48.932
    endloop
  endfacet
  facet normal -1 0 -0
    outer loop
      vertex 50 12.8931 49.965
      vertex 50 16.0804 58.4833
      vertex 50 12.8817 49.8586
    endloop
  endfacet
  facet normal -1 0 -0
    outer loop
      vertex 50 12.9986 51.9468
      vertex 50 16.0804 58.4833
      vertex 50 12.9736 51.0065
    endloop
  endfacet
  facet normal -1 0 0
    outer loop
      vertex 50 12.9986 52.0532
      vertex 50 16.0804 58.4833
      vertex 50 12.9986 51.9468
    endloop
  endfacet
  facet normal -1 0 0
    outer loop
      vertex 50 12.8931 54.035
      vertex 50 16.0804 58.4833
      vertex 50 12.9679 53.0998
    endloop
  endfacet
  facet normal -1 0 0
    outer loop
      vertex 50 12.8817 54.1414
      vertex 50 16.0804 58.4833
      vertex 50 12.8931 54.035
    endloop
  endfacet
  facet normal -1 0 0
    outer loop
      vertex 50 12.7402 55.1744
      vertex 50 16.0804 58.4833
      vertex 50 12.7574 55.068
    endloop
  endfacet
  facet normal -1 0 0
    outer loop
      vertex 50 12.544 56.1938
      vertex 50 16.0804 58.4833
      vertex 50 12.5672 56.0875
    endloop
  endfacet
  facet normal -1 0 0
    outer loop
      vertex 50 12.294 57.1958
      vertex 50 16.0804 58.4833
      vertex 50 12.3233 57.0895
    endloop
  endfacet
  facet normal -1 0 0
    outer loop
      vertex 50 12.5672 56.0875
      vertex 50 16.0804 58.4833
      vertex 50 12.7402 55.1744
    endloop
  endfacet
  facet normal -1 0 0
    outer loop
      vertex 50 12.7574 55.068
      vertex 50 16.0804 58.4833
      vertex 50 12.8817 54.1414
    endloop
  endfacet
  facet normal -1 0 0
    outer loop
      vertex 50 12.9679 53.0998
      vertex 50 16.0804 58.4833
      vertex 50 12.9736 52.9935
    endloop
  endfacet
  facet normal -1 0 0
    outer loop
      vertex 50 12.9736 52.9935
      vertex 50 16.0804 58.4833
      vertex 50 12.9986 52.0532
    endloop
  endfacet
  facet normal -1 0 -0
    outer loop
      vertex 50 12.9736 51.0065
      vertex 50 16.0804 58.4833
      vertex 50 12.9679 50.9002
    endloop
  endfacet
  facet normal -1 0 -0
    outer loop
      vertex 50 12.9679 50.9002
      vertex 50 16.0804 58.4833
      vertex 50 12.8931 49.965
    endloop
  endfacet
  facet normal -1 0 0
    outer loop
      vertex 50 16.0804 58.4833
      vertex 50 12.7402 48.8256
      vertex 50 12.7574 48.932
    endloop
  endfacet
  facet normal -1 0 0
    outer loop
      vertex 50 32 7
      vertex 50 12.5672 47.9125
      vertex 50 12.7402 48.8256
    endloop
  endfacet
  facet normal -1 0 0
    outer loop
      vertex 50 32 7
      vertex 50 12.544 47.8062
      vertex 50 12.5672 47.9125
    endloop
  endfacet
  facet normal -1 0 0
    outer loop
      vertex 50 32 7
      vertex 50 12.3233 46.9105
      vertex 50 12.544 47.8062
    endloop
  endfacet
  facet normal -1 0 0
    outer loop
      vertex 50 32 7
      vertex 50 12.294 46.8042
      vertex 50 12.3233 46.9105
    endloop
  endfacet
  facet normal -1 0 0
    outer loop
      vertex 50 32 7
      vertex 50 12.0268 45.9307
      vertex 50 12.294 46.8042
    endloop
  endfacet
  facet normal -1 0 0
    outer loop
      vertex 50 32 7
      vertex 50 11.9911 45.8246
      vertex 50 12.0268 45.9307
    endloop
  endfacet
  facet normal -1 0 0
    outer loop
      vertex 50 32 7
      vertex 50 11.679 44.9768
      vertex 50 11.9911 45.8246
    endloop
  endfacet
  facet normal -1 0 0
    outer loop
      vertex 50 32 7
      vertex 50 11.6366 44.8711
      vertex 50 11.679 44.9768
    endloop
  endfacet
  facet normal -1 0 0
    outer loop
      vertex 50 32 7
      vertex 50 11.2814 44.0533
      vertex 50 11.6366 44.8711
    endloop
  endfacet
  facet normal -1 0 0
    outer loop
      vertex 50 32 7
      vertex 50 11.2321 43.948
      vertex 50 11.2814 44.0533
    endloop
  endfacet
  facet normal -1 0 0
    outer loop
      vertex 50 32 7
      vertex 50 10.8359 43.1638
      vertex 50 11.2321 43.948
    endloop
  endfacet
  facet normal -1 0 0
    outer loop
      vertex 50 32 7
      vertex 50 10.7792 43.0594
      vertex 50 10.8359 43.1638
    endloop
  endfacet
  facet normal -1 0 0
    outer loop
      vertex 50 32 7
      vertex 50 10.3443 42.3125
      vertex 50 10.7792 43.0594
    endloop
  endfacet
  facet normal -1 0 0
    outer loop
      vertex 50 32 7
      vertex 50 10.2799 42.2092
      vertex 50 10.3443 42.3125
    endloop
  endfacet
  facet normal -1 0 0
    outer loop
      vertex 50 32 7
      vertex 50 9.80861 41.5025
      vertex 50 10.2799 42.2092
    endloop
  endfacet
  facet normal -1 0 0
    outer loop
      vertex 50 32 7
      vertex 50 9.73618 41.4009
      vertex 50 9.80861 41.5025
    endloop
  endfacet
  facet normal -1 0 0
    outer loop
      vertex 50 32 7
      vertex 50 9.23117 40.7373
      vertex 50 9.73618 41.4009
    endloop
  endfacet
  facet normal -1 0 0
    outer loop
      vertex 50 32 7
      vertex 50 9.15034 40.6378
      vertex 50 9.23117 40.7373
    endloop
  endfacet
  facet normal -1 0 0
    outer loop
      vertex 50 32 7
      vertex 50 8.61456 40.0202
      vertex 50 9.15034 40.6378
    endloop
  endfacet
  facet normal -1 0 0
    outer loop
      vertex 50 32 7
      vertex 50 8.5251 39.9237
      vertex 50 8.61456 40.0202
    endloop
  endfacet
  facet normal -1 0 0
    outer loop
      vertex 50 32 7
      vertex 50 7.96164 39.3546
      vertex 50 8.5251 39.9237
    endloop
  endfacet
  facet normal -1 0 0
    outer loop
      vertex 50 32 7
      vertex 50 7.8633 39.2617
      vertex 50 7.96164 39.3546
    endloop
  endfacet
  facet normal -1 0 0
    outer loop
      vertex 50 32 7
      vertex 50 7.27444 38.7424
      vertex 50 7.8633 39.2617
    endloop
  endfacet
  facet normal -1 0 0
    outer loop
      vertex 50 32 7
      vertex 50 7.16702 38.6541
      vertex 50 7.27444 38.7424
    endloop
  endfacet
  facet normal -1 0 0
    outer loop
      vertex 50 32 7
      vertex 50 6.55675 38.187
      vertex 50 7.16702 38.6541
    endloop
  endfacet
  facet normal -1 0 0
    outer loop
      vertex 50 32 7
      vertex 50 6.44041 38.1044
      vertex 50 6.55675 38.187
    endloop
  endfacet
  facet normal -1 0 0
    outer loop
      vertex 50 32 7
      vertex 50 5.81093 37.6903
      vertex 50 6.44041 38.1044
    endloop
  endfacet
  facet normal -1 0 0
    outer loop
      vertex 50 32 7
      vertex 50 5.68582 37.6144
      vertex 50 5.81093 37.6903
    endloop
  endfacet
  facet normal -1 0 0
    outer loop
      vertex 50 32 7
      vertex 50 5.04033 37.2544
      vertex 50 5.68582 37.6144
    endloop
  endfacet
  facet normal -1 0 0
    outer loop
      vertex 50 32 7
      vertex 50 4.90694 37.1865
      vertex 50 5.04033 37.2544
    endloop
  endfacet
  facet normal -1 0 0
    outer loop
      vertex 50 32 7
      vertex 50 4.24808 36.8813
      vertex 50 4.90694 37.1865
    endloop
  endfacet
  facet normal -1 0 0
    outer loop
      vertex 50 32 7
      vertex 50 4.10692 36.8223
      vertex 50 4.24808 36.8813
    endloop
  endfacet
  facet normal -1 0 0
    outer loop
      vertex 50 32 7
      vertex 50 3.43765 36.5724
      vertex 50 4.10692 36.8223
    endloop
  endfacet
  facet normal -1 0 0
    outer loop
      vertex 50 32 7
      vertex 50 3.28976 36.5237
      vertex 50 3.43765 36.5724
    endloop
  endfacet
  facet normal -1 0 0
    outer loop
      vertex 50 32 7
      vertex 50 2.61215 36.3293
      vertex 50 3.28976 36.5237
    endloop
  endfacet
  facet normal -1 0 0
    outer loop
      vertex 50 32 7
      vertex 50 2.45882 36.2917
      vertex 50 2.61215 36.3293
    endloop
  endfacet
  facet normal -1 0 0
    outer loop
      vertex 50 32 7
      vertex 50 1.77518 36.1528
      vertex 50 2.45882 36.2917
    endloop
  endfacet
  facet normal -1 0 0
    outer loop
      vertex 50 32 7
      vertex 50 1.61752 36.1273
      vertex 50 1.77518 36.1528
    endloop
  endfacet
  facet normal -1 0 0
    outer loop
      vertex 50 32 7
      vertex 50 0.930008 36.0439
      vertex 50 1.61752 36.1273
    endloop
  endfacet
  facet normal -1 0 0
    outer loop
      vertex 50 32 7
      vertex 50 0.769913 36.031
      vertex 50 0.930008 36.0439
    endloop
  endfacet
  facet normal -1 0 0
    outer loop
      vertex 50 32 6.5
      vertex 50 0.0805511 36.0033
      vertex 50 0.769913 36.031
    endloop
  endfacet
  facet normal -1 0 0
    outer loop
      vertex 50 32 6.5
      vertex 50 -0.0805511 36.0033
      vertex 50 0.0805511 36.0033
    endloop
  endfacet
  facet normal -1 0 0
    outer loop
      vertex 50 -32 6.5
      vertex 50 -0.0805511 36.0033
      vertex 50 32 6.5
    endloop
  endfacet
  facet normal -1 -0 0
    outer loop
      vertex 50 -0.0805511 36.0033
      vertex 50 -32 6.5
      vertex 50 -0.769913 36.031
    endloop
  endfacet
  facet normal -1 0 0
    outer loop
      vertex 50 -32 7
      vertex 50 -0.769913 36.031
      vertex 50 -32 6.5
    endloop
  endfacet
  facet normal -1 -0 0
    outer loop
      vertex 50 -0.769913 36.031
      vertex 50 -32 7
      vertex 50 -0.930008 36.0439
    endloop
  endfacet
  facet normal -1 -0 0
    outer loop
      vertex 50 -0.930008 36.0439
      vertex 50 -32 7
      vertex 50 -1.61752 36.1273
    endloop
  endfacet
  facet normal -1 -0 0
    outer loop
      vertex 50 -1.61752 36.1273
      vertex 50 -32 7
      vertex 50 -1.77518 36.1528
    endloop
  endfacet
  facet normal -1 -0 0
    outer loop
      vertex 50 -1.77518 36.1528
      vertex 50 -32 7
      vertex 50 -2.45882 36.2917
    endloop
  endfacet
  facet normal -1 -0 0
    outer loop
      vertex 50 -2.45882 36.2917
      vertex 50 -32 7
      vertex 50 -2.61215 36.3293
    endloop
  endfacet
  facet normal -1 -0 0
    outer loop
      vertex 50 -2.61215 36.3293
      vertex 50 -32 7
      vertex 50 -3.28976 36.5237
    endloop
  endfacet
  facet normal -1 -0 0
    outer loop
      vertex 50 -3.28976 36.5237
      vertex 50 -32 7
      vertex 50 -3.43765 36.5724
    endloop
  endfacet
  facet normal -1 -0 0
    outer loop
      vertex 50 -3.43765 36.5724
      vertex 50 -32 7
      vertex 50 -4.10692 36.8223
    endloop
  endfacet
  facet normal -1 -0 0
    outer loop
      vertex 50 -4.10692 36.8223
      vertex 50 -32 7
      vertex 50 -4.24808 36.8813
    endloop
  endfacet
  facet normal -1 -0 0
    outer loop
      vertex 50 -4.24808 36.8813
      vertex 50 -32 7
      vertex 50 -4.90694 37.1865
    endloop
  endfacet
  facet normal -1 -0 0
    outer loop
      vertex 50 -4.90694 37.1865
      vertex 50 -32 7
      vertex 50 -5.04033 37.2544
    endloop
  endfacet
  facet normal -1 -0 0
    outer loop
      vertex 50 -5.04033 37.2544
      vertex 50 -32 7
      vertex 50 -5.68582 37.6144
    endloop
  endfacet
  facet normal -1 -0 0
    outer loop
      vertex 50 -5.81093 37.6903
      vertex 50 -32 7
      vertex 50 -6.44041 38.1044
    endloop
  endfacet
  facet normal -1 -0 0
    outer loop
      vertex 50 -6.44041 38.1044
      vertex 50 -32 7
      vertex 50 -6.55675 38.187
    endloop
  endfacet
  facet normal -1 0 0
    outer loop
      vertex 50 -16.0804 58.4833
      vertex 50 -12.9986 52.0532
      vertex 50 -12.9986 51.9468
    endloop
  endfacet
  facet normal -1 0 0
    outer loop
      vertex 50 -16.0804 58.4833
      vertex 50 -12.9986 51.9468
      vertex 50 -12.9736 51.0065
    endloop
  endfacet
  facet normal -1 0 0
    outer loop
      vertex 50 -12.9986 52.0532
      vertex 50 -13.5192 64.1223
      vertex 50 -13.4515 64.2262
    endloop
  endfacet
  facet normal -1 0 0
    outer loop
      vertex 50 -12.9986 52.0532
      vertex 50 -14.1034 63.1633
      vertex 50 -13.5192 64.1223
    endloop
  endfacet
  facet normal -1 0 0
    outer loop
      vertex 50 -16.0804 58.4833
      vertex 50 -12.9736 51.0065
      vertex 50 -12.9679 50.9002
    endloop
  endfacet
  facet normal -1 0 0
    outer loop
      vertex 50 -16.0804 58.4833
      vertex 50 -12.9679 50.9002
      vertex 50 -12.8931 49.965
    endloop
  endfacet
  facet normal -1 0 0
    outer loop
      vertex 50 -12.9986 52.0532
      vertex 50 -14.1635 63.0575
      vertex 50 -14.1034 63.1633
    endloop
  endfacet
  facet normal -1 0 0
    outer loop
      vertex 50 -12.9986 52.0532
      vertex 50 -14.6945 62.0529
      vertex 50 -14.1635 63.0575
    endloop
  endfacet
  facet normal -1 0 0
    outer loop
      vertex 50 -16.0804 58.4833
      vertex 50 -12.8931 49.965
      vertex 50 -12.8817 49.8586
    endloop
  endfacet
  facet normal -1 0 0
    outer loop
      vertex 50 -16.0804 58.4833
      vertex 50 -12.8817 49.8586
      vertex 50 -12.7574 48.932
    endloop
  endfacet
  facet normal -1 0 0
    outer loop
      vertex 50 -12.9986 52.0532
      vertex 50 -14.7472 61.9456
      vertex 50 -14.6945 62.0529
    endloop
  endfacet
  facet normal -1 0 0
    outer loop
      vertex 50 -12.9986 52.0532
      vertex 50 -15.2225 60.8994
      vertex 50 -14.7472 61.9456
    endloop
  endfacet
  facet normal -1 0 0
    outer loop
      vertex 50 -16.0804 58.4833
      vertex 50 -12.7574 48.932
      vertex 50 -12.7402 48.8256
    endloop
  endfacet
  facet normal -1 0 0
    outer loop
      vertex 50 -16.0804 58.4833
      vertex 50 -12.7402 48.8256
      vertex 50 -12.5672 47.9125
    endloop
  endfacet
  facet normal -1 0 0
    outer loop
      vertex 50 -12.9986 52.0532
      vertex 50 -15.268 60.7909
      vertex 50 -15.2225 60.8994
    endloop
  endfacet
  facet normal -1 0 0
    outer loop
      vertex 50 -12.9986 52.0532
      vertex 50 -15.6851 59.7079
      vertex 50 -15.268 60.7909
    endloop
  endfacet
  facet normal -1 0 0
    outer loop
      vertex 50 -32 7
      vertex 50 -12.5672 47.9125
      vertex 50 -12.544 47.8062
    endloop
  endfacet
  facet normal -1 0 0
    outer loop
      vertex 50 -32 7
      vertex 50 -12.544 47.8062
      vertex 50 -12.3233 46.9105
    endloop
  endfacet
  facet normal -1 0 0
    outer loop
      vertex 50 -12.9986 52.0532
      vertex 50 -15.7236 59.5985
      vertex 50 -15.6851 59.7079
    endloop
  endfacet
  facet normal -1 0 0
    outer loop
      vertex 50 -12.9986 52.0532
      vertex 50 -16.0804 58.4833
      vertex 50 -15.7236 59.5985
    endloop
  endfacet
  facet normal -1 0 0
    outer loop
      vertex 50 -32 7
      vertex 50 -12.3233 46.9105
      vertex 50 -12.294 46.8042
    endloop
  endfacet
  facet normal -1 0 0
    outer loop
      vertex 50 -32 7
      vertex 50 -12.294 46.8042
      vertex 50 -12.0268 45.9307
    endloop
  endfacet
  facet normal -1 -0 0
    outer loop
      vertex 50 -5.68582 37.6144
      vertex 50 -32 7
      vertex 50 -5.81093 37.6903
    endloop
  endfacet
  facet normal -1 -0 0
    outer loop
      vertex 50 -6.55675 38.187
      vertex 50 -32 7
      vertex 50 -7.16702 38.6541
    endloop
  endfacet
  facet normal -1 -0 0
    outer loop
      vertex 50 -7.16702 38.6541
      vertex 50 -32 7
      vertex 50 -7.27444 38.7424
    endloop
  endfacet
  facet normal -1 -0 0
    outer loop
      vertex 50 -7.27444 38.7424
      vertex 50 -32 7
      vertex 50 -7.8633 39.2617
    endloop
  endfacet
  facet normal -1 -0 0
    outer loop
      vertex 50 -7.8633 39.2617
      vertex 50 -32 7
      vertex 50 -7.96164 39.3546
    endloop
  endfacet
  facet normal -1 -0 0
    outer loop
      vertex 50 -7.96164 39.3546
      vertex 50 -32 7
      vertex 50 -8.5251 39.9237
    endloop
  endfacet
  facet normal -1 -0 0
    outer loop
      vertex 50 -8.5251 39.9237
      vertex 50 -32 7
      vertex 50 -8.61456 40.0202
    endloop
  endfacet
  facet normal -1 -0 0
    outer loop
      vertex 50 -8.61456 40.0202
      vertex 50 -32 7
      vertex 50 -9.15034 40.6378
    endloop
  endfacet
  facet normal -1 -0 0
    outer loop
      vertex 50 -9.15034 40.6378
      vertex 50 -32 7
      vertex 50 -9.23117 40.7373
    endloop
  endfacet
  facet normal -1 -0 0
    outer loop
      vertex 50 -9.23117 40.7373
      vertex 50 -32 7
      vertex 50 -9.73618 41.4009
    endloop
  endfacet
  facet normal -1 -0 0
    outer loop
      vertex 50 -9.73618 41.4009
      vertex 50 -32 7
      vertex 50 -9.80861 41.5025
    endloop
  endfacet
  facet normal -1 -0 0
    outer loop
      vertex 50 -9.80861 41.5025
      vertex 50 -32 7
      vertex 50 -10.2799 42.2092
    endloop
  endfacet
  facet normal -1 -0 0
    outer loop
      vertex 50 -10.2799 42.2092
      vertex 50 -32 7
      vertex 50 -10.3443 42.3125
    endloop
  endfacet
  facet normal -1 -0 0
    outer loop
      vertex 50 -10.3443 42.3125
      vertex 50 -32 7
      vertex 50 -10.7792 43.0594
    endloop
  endfacet
  facet normal -1 -0 0
    outer loop
      vertex 50 -10.7792 43.0594
      vertex 50 -32 7
      vertex 50 -10.8359 43.1638
    endloop
  endfacet
  facet normal -1 -0 0
    outer loop
      vertex 50 -10.8359 43.1638
      vertex 50 -32 7
      vertex 50 -11.2321 43.948
    endloop
  endfacet
  facet normal -1 -0 0
    outer loop
      vertex 50 -11.2321 43.948
      vertex 50 -32 7
      vertex 50 -11.2814 44.0533
    endloop
  endfacet
  facet normal -1 -0 0
    outer loop
      vertex 50 -11.2814 44.0533
      vertex 50 -32 7
      vertex 50 -11.6366 44.8711
    endloop
  endfacet
  facet normal -1 -0 0
    outer loop
      vertex 50 -11.6366 44.8711
      vertex 50 -32 7
      vertex 50 -11.679 44.9768
    endloop
  endfacet
  facet normal -1 -0 0
    outer loop
      vertex 50 -11.679 44.9768
      vertex 50 -32 7
      vertex 50 -11.9911 45.8246
    endloop
  endfacet
  facet normal -1 -0 0
    outer loop
      vertex 50 -11.9911 45.8246
      vertex 50 -32 7
      vertex 50 -12.0268 45.9307
    endloop
  endfacet
  facet normal -1 -0 0
    outer loop
      vertex 50 -12.5672 47.9125
      vertex 50 -32 7
      vertex 50 -16.0804 58.4833
    endloop
  endfacet
  facet normal -1 0 0
    outer loop
      vertex 50 12.3233 57.0895
      vertex 50 16.0804 58.4833
      vertex 50 12.544 56.1938
    endloop
  endfacet
  facet normal -1 0 0
    outer loop
      vertex 50 12.0268 58.0693
      vertex 50 16.0804 58.4833
      vertex 50 12.294 57.1958
    endloop
  endfacet
  facet normal -1 -0 0
    outer loop
      vertex 50 16.0804 58.4833
      vertex 50 12.0268 58.0693
      vertex 50 15.7236 59.5985
    endloop
  endfacet
  facet normal -1 0 0
    outer loop
      vertex 50 11.9911 58.1754
      vertex 50 15.7236 59.5985
      vertex 50 12.0268 58.0693
    endloop
  endfacet
  facet normal -1 -0 0
    outer loop
      vertex 50 15.7236 59.5985
      vertex 50 11.9911 58.1754
      vertex 50 15.6851 59.7079
    endloop
  endfacet
  facet normal -1 0 0
    outer loop
      vertex 50 11.679 59.0232
      vertex 50 15.6851 59.7079
      vertex 50 11.9911 58.1754
    endloop
  endfacet
  facet normal -1 -0 0
    outer loop
      vertex 50 15.6851 59.7079
      vertex 50 11.679 59.0232
      vertex 50 15.268 60.7909
    endloop
  endfacet
  facet normal -1 0 0
    outer loop
      vertex 50 11.6366 59.1289
      vertex 50 15.268 60.7909
      vertex 50 11.679 59.0232
    endloop
  endfacet
  facet normal -1 -0 0
    outer loop
      vertex 50 15.268 60.7909
      vertex 50 11.6366 59.1289
      vertex 50 15.2225 60.8994
    endloop
  endfacet
  facet normal -1 0 0
    outer loop
      vertex 50 11.2814 59.9467
      vertex 50 15.2225 60.8994
      vertex 50 11.6366 59.1289
    endloop
  endfacet
  facet normal -1 -0 0
    outer loop
      vertex 50 15.2225 60.8994
      vertex 50 11.2814 59.9467
      vertex 50 14.7472 61.9456
    endloop
  endfacet
  facet normal -1 0 0
    outer loop
      vertex 50 11.2321 60.052
      vertex 50 14.7472 61.9456
      vertex 50 11.2814 59.9467
    endloop
  endfacet
  facet normal -1 -0 0
    outer loop
      vertex 50 14.7472 61.9456
      vertex 50 11.2321 60.052
      vertex 50 14.6945 62.0529
    endloop
  endfacet
  facet normal -1 0 0
    outer loop
      vertex 50 10.8359 60.8362
      vertex 50 14.6945 62.0529
      vertex 50 11.2321 60.052
    endloop
  endfacet
  facet normal -1 -0 0
    outer loop
      vertex 50 14.6945 62.0529
      vertex 50 10.8359 60.8362
      vertex 50 14.1635 63.0575
    endloop
  endfacet
  facet normal -1 0 0
    outer loop
      vertex 50 10.7791 60.9406
      vertex 50 14.1635 63.0575
      vertex 50 10.8359 60.8362
    endloop
  endfacet
  facet normal -1 0 0
    outer loop
      vertex 50 10.6107 61.2298
      vertex 50 14.1635 63.0575
      vertex 50 10.7791 60.9406
    endloop
  endfacet
  facet normal -1 -0 0
    outer loop
      vertex 50 14.1635 63.0575
      vertex 50 10.6107 61.2298
      vertex 50 14.1034 63.1633
    endloop
  endfacet
  facet normal -1 -0 0
    outer loop
      vertex 50 14.1034 63.1633
      vertex 50 10.6107 61.2298
      vertex 50 13.5192 64.1223
    endloop
  endfacet
  facet normal -1 0 0
    outer loop
      vertex 50 10.2086 61.7206
      vertex 50 13.5192 64.1223
      vertex 50 10.6107 61.2298
    endloop
  endfacet
  facet normal -1 -0 0
    outer loop
      vertex 50 13.5192 64.1223
      vertex 50 10.2086 61.7206
      vertex 50 13.4515 64.2262
    endloop
  endfacet
  facet normal -1 -0 0
    outer loop
      vertex 50 13.4515 64.2262
      vertex 50 10.2086 61.7206
      vertex 50 12.8175 65.135
    endloop
  endfacet
  facet normal -1 0 0
    outer loop
      vertex 50 9.81178 61.9944
      vertex 50 12.8175 65.135
      vertex 50 10.2086 61.7206
    endloop
  endfacet
  facet normal -1 -0 0
    outer loop
      vertex 50 12.8175 65.135
      vertex 50 9.81178 61.9944
      vertex 50 12.7419 65.2364
    endloop
  endfacet
  facet normal -1 -0 0
    outer loop
      vertex 50 12.7419 65.2364
      vertex 50 9.81178 61.9944
      vertex 50 12.0611 66.0915
    endloop
  endfacet
  facet normal -1 0 0
    outer loop
      vertex 50 9.36098 62.1654
      vertex 50 12.0611 66.0915
      vertex 50 9.81178 61.9944
    endloop
  endfacet
  facet normal -1 -0 0
    outer loop
      vertex 50 12.0611 66.0915
      vertex 50 9.36098 62.1654
      vertex 50 11.9774 66.19
    endloop
  endfacet
  facet normal -1 -0 0
    outer loop
      vertex 50 11.9774 66.19
      vertex 50 9.36098 62.1654
      vertex 50 11.2532 66.9879
    endloop
  endfacet
  facet normal -1 0 0
    outer loop
      vertex 50 8.88234 62.2235
      vertex 50 11.2532 66.9879
      vertex 50 9.36098 62.1654
    endloop
  endfacet
  facet normal -1 -0 0
    outer loop
      vertex 50 11.2532 66.9879
      vertex 50 8.88234 62.2235
      vertex 50 11.1614 67.0826
    endloop
  endfacet
  facet normal -1 -0 0
    outer loop
      vertex 50 11.1614 67.0826
      vertex 50 8.88234 62.2235
      vertex 50 10.6125 67.6126
    endloop
  endfacet
  facet normal -1 0 -0
    outer loop
      vertex 50 9.22333 68.1738
      vertex 50 10.6125 67.6126
      vertex 50 8.88234 62.2235
    endloop
  endfacet
  facet normal -1 0 0
    outer loop
      vertex 50 10.6125 67.6126
      vertex 50 9.22333 68.1738
      vertex 50 10.1528 67.9447
    endloop
  endfacet
  facet normal -1 0 0
    outer loop
      vertex 50 10.1528 67.9447
      vertex 50 9.22333 68.1738
      vertex 50 9.70197 68.1157
    endloop
  endfacet
  facet normal -1 0 0
    outer loop
      vertex 50 -8.88234 62.2235
      vertex 50 9.22333 68.1738
      vertex 50 8.88234 62.2235
    endloop
  endfacet
  facet normal -1 0 0
    outer loop
      vertex 50 -8.88234 62.2235
      vertex 50 -9.22333 68.1738
      vertex 50 9.22333 68.1738
    endloop
  endfacet
  facet normal -1 0 0
    outer loop
      vertex 50 -11.2532 66.9879
      vertex 50 -8.88234 62.2235
      vertex 50 -9.50874 62.1229
    endloop
  endfacet
  facet normal -1 0 0
    outer loop
      vertex 50 -8.88234 62.2235
      vertex 50 -11.1614 67.0826
      vertex 50 -9.22333 68.1738
    endloop
  endfacet
  facet normal -1 0 0
    outer loop
      vertex 50 -12.7419 65.2364
      vertex 50 -9.50874 62.1229
      vertex 50 -9.94508 61.9178
    endloop
  endfacet
  facet normal -1 0 0
    outer loop
      vertex 50 -9.22333 68.1738
      vertex 50 -10.6125 67.6126
      vertex 50 -9.78476 68.0934
    endloop
  endfacet
  facet normal -1 0 0
    outer loop
      vertex 50 -13.4515 64.2262
      vertex 50 -9.94508 61.9178
      vertex 50 -10.3197 61.6142
    endloop
  endfacet
  facet normal -1 0 0
    outer loop
      vertex 50 -13.4515 64.2262
      vertex 50 -10.3197 61.6142
      vertex 50 -10.6107 61.2298
    endloop
  endfacet
  facet normal -1 0 0
    outer loop
      vertex 50 -9.78476 68.0934
      vertex 50 -10.6125 67.6126
      vertex 50 -10.2278 67.9032
    endloop
  endfacet
  facet normal -1 0 0
    outer loop
      vertex 50 -13.4515 64.2262
      vertex 50 -10.6107 61.2298
      vertex 50 -10.7791 60.9406
    endloop
  endfacet
  facet normal -1 0 0
    outer loop
      vertex 50 -13.4515 64.2262
      vertex 50 -10.7791 60.9406
      vertex 50 -10.8359 60.8362
    endloop
  endfacet
  facet normal -1 0 0
    outer loop
      vertex 50 -9.22333 68.1738
      vertex 50 -11.1614 67.0826
      vertex 50 -10.6125 67.6126
    endloop
  endfacet
  facet normal -1 0 0
    outer loop
      vertex 50 -13.4515 64.2262
      vertex 50 -10.8359 60.8362
      vertex 50 -11.2321 60.052
    endloop
  endfacet
  facet normal -1 0 0
    outer loop
      vertex 50 -8.88234 62.2235
      vertex 50 -11.2532 66.9879
      vertex 50 -11.1614 67.0826
    endloop
  endfacet
  facet normal -1 0 0
    outer loop
      vertex 50 -13.4515 64.2262
      vertex 50 -11.2321 60.052
      vertex 50 -11.2814 59.9467
    endloop
  endfacet
  facet normal -1 0 0
    outer loop
      vertex 50 -13.4515 64.2262
      vertex 50 -11.2814 59.9467
      vertex 50 -11.6366 59.1289
    endloop
  endfacet
  facet normal -1 0 0
    outer loop
      vertex 50 -13.4515 64.2262
      vertex 50 -11.6366 59.1289
      vertex 50 -11.679 59.0232
    endloop
  endfacet
  facet normal -1 0 0
    outer loop
      vertex 50 -9.50874 62.1229
      vertex 50 -11.9774 66.19
      vertex 50 -11.2532 66.9879
    endloop
  endfacet
  facet normal -1 0 0
    outer loop
      vertex 50 -13.4515 64.2262
      vertex 50 -11.679 59.0232
      vertex 50 -11.9911 58.1754
    endloop
  endfacet
  facet normal -1 0 0
    outer loop
      vertex 50 -13.4515 64.2262
      vertex 50 -11.9911 58.1754
      vertex 50 -12.0268 58.0693
    endloop
  endfacet
  facet normal -1 0 0
    outer loop
      vertex 50 -9.50874 62.1229
      vertex 50 -12.0611 66.0915
      vertex 50 -11.9774 66.19
    endloop
  endfacet
  facet normal -1 0 0
    outer loop
      vertex 50 -13.4515 64.2262
      vertex 50 -12.0268 58.0693
      vertex 50 -12.294 57.1958
    endloop
  endfacet
  facet normal -1 0 0
    outer loop
      vertex 50 -13.4515 64.2262
      vertex 50 -12.294 57.1958
      vertex 50 -12.3233 57.0895
    endloop
  endfacet
  facet normal -1 0 0
    outer loop
      vertex 50 -13.4515 64.2262
      vertex 50 -12.3233 57.0895
      vertex 50 -12.544 56.1938
    endloop
  endfacet
  facet normal -1 0 0
    outer loop
      vertex 50 -13.4515 64.2262
      vertex 50 -12.544 56.1938
      vertex 50 -12.5672 56.0875
    endloop
  endfacet
  facet normal -1 0 0
    outer loop
      vertex 50 -13.4515 64.2262
      vertex 50 -12.5672 56.0875
      vertex 50 -12.7402 55.1744
    endloop
  endfacet
  facet normal -1 0 0
    outer loop
      vertex 50 -9.50874 62.1229
      vertex 50 -12.7419 65.2364
      vertex 50 -12.0611 66.0915
    endloop
  endfacet
  facet normal -1 0 0
    outer loop
      vertex 50 -13.4515 64.2262
      vertex 50 -12.7402 55.1744
      vertex 50 -12.7574 55.068
    endloop
  endfacet
  facet normal -1 0 0
    outer loop
      vertex 50 -9.94508 61.9178
      vertex 50 -12.8175 65.135
      vertex 50 -12.7419 65.2364
    endloop
  endfacet
  facet normal -1 0 0
    outer loop
      vertex 50 -13.4515 64.2262
      vertex 50 -12.7574 55.068
      vertex 50 -12.8817 54.1414
    endloop
  endfacet
  facet normal -1 0 0
    outer loop
      vertex 50 -13.4515 64.2262
      vertex 50 -12.8817 54.1414
      vertex 50 -12.8931 54.035
    endloop
  endfacet
  facet normal -1 0 0
    outer loop
      vertex 50 -13.4515 64.2262
      vertex 50 -12.8931 54.035
      vertex 50 -12.9679 53.0998
    endloop
  endfacet
  facet normal -1 0 0
    outer loop
      vertex 50 -13.4515 64.2262
      vertex 50 -12.9679 53.0998
      vertex 50 -12.9736 52.9935
    endloop
  endfacet
  facet normal -1 0 0
    outer loop
      vertex 50 -13.4515 64.2262
      vertex 50 -12.9736 52.9935
      vertex 50 -12.9986 52.0532
    endloop
  endfacet
  facet normal -1 0 0
    outer loop
      vertex 50 -9.94508 61.9178
      vertex 50 -13.4515 64.2262
      vertex 50 -12.8175 65.135
    endloop
  endfacet
  facet normal -1 0 0
    outer loop
      vertex 50 -32 0
      vertex 50 32 0.5
      vertex 50 32 0
    endloop
  endfacet
  facet normal -1 -0 0
    outer loop
      vertex 50 32 0.5
      vertex 50 -32 0
      vertex 50 -32 0.5
    endloop
  endfacet
  facet normal 0 -0.869505 0.493925
    outer loop
      vertex 50 -14.1635 63.0575
      vertex 56 -14.1034 63.1633
      vertex 50 -14.1034 63.1633
    endloop
  endfacet
  facet normal 0 -0.869505 0.493925
    outer loop
      vertex 56 -14.1034 63.1633
      vertex 50 -14.1635 63.0575
      vertex 56 -14.1635 63.0575
    endloop
  endfacet
  facet normal 1 0 0
    outer loop
      vertex 56 -32 7
      vertex 56 32 7
      vertex 56 16.0804 58.4833
    endloop
  endfacet
  facet normal 1 0 0
    outer loop
      vertex 56 -16.0804 58.4833
      vertex 56 16.0804 58.4833
      vertex 56 15.7236 59.5985
    endloop
  endfacet
  facet normal 1 0 0
    outer loop
      vertex 56 -16.0804 58.4833
      vertex 56 15.7236 59.5985
      vertex 56 15.6851 59.7079
    endloop
  endfacet
  facet normal 1 0 0
    outer loop
      vertex 56 -15.6851 59.7079
      vertex 56 15.6851 59.7079
      vertex 56 15.268 60.7909
    endloop
  endfacet
  facet normal 1 0 0
    outer loop
      vertex 56 -15.6851 59.7079
      vertex 56 15.268 60.7909
      vertex 56 15.2225 60.8994
    endloop
  endfacet
  facet normal 1 0 0
    outer loop
      vertex 56 -15.6851 59.7079
      vertex 56 15.2225 60.8994
      vertex 56 14.7472 61.9456
    endloop
  endfacet
  facet normal 1 0 0
    outer loop
      vertex 56 9.22333 68.1738
      vertex 56 14.7472 61.9456
      vertex 56 14.6945 62.0529
    endloop
  endfacet
  facet normal 1 0 0
    outer loop
      vertex 56 9.22333 68.1738
      vertex 56 14.6945 62.0529
      vertex 56 14.1635 63.0575
    endloop
  endfacet
  facet normal 1 0 0
    outer loop
      vertex 56 9.22333 68.1738
      vertex 56 14.1635 63.0575
      vertex 56 14.1034 63.1633
    endloop
  endfacet
  facet normal 1 0 0
    outer loop
      vertex 56 9.22333 68.1738
      vertex 56 14.1034 63.1633
      vertex 56 13.5192 64.1223
    endloop
  endfacet
  facet normal 1 0 0
    outer loop
      vertex 56 9.22333 68.1738
      vertex 56 13.5192 64.1223
      vertex 56 13.4515 64.2262
    endloop
  endfacet
  facet normal 1 0 0
    outer loop
      vertex 56 9.22333 68.1738
      vertex 56 13.4515 64.2262
      vertex 56 12.8175 65.135
    endloop
  endfacet
  facet normal 1 0 0
    outer loop
      vertex 56 9.22333 68.1738
      vertex 56 12.8175 65.135
      vertex 56 12.7419 65.2364
    endloop
  endfacet
  facet normal 1 0 0
    outer loop
      vertex 56 9.22333 68.1738
      vertex 56 12.7419 65.2364
      vertex 56 12.0611 66.0915
    endloop
  endfacet
  facet normal 1 0 0
    outer loop
      vertex 56 9.22333 68.1738
      vertex 56 12.0611 66.0915
      vertex 56 11.9774 66.19
    endloop
  endfacet
  facet normal 1 0 0
    outer loop
      vertex 56 9.22333 68.1738
      vertex 56 11.9774 66.19
      vertex 56 11.2532 66.9879
    endloop
  endfacet
  facet normal 1 0 0
    outer loop
      vertex 56 9.22333 68.1738
      vertex 56 11.2532 66.9879
      vertex 56 11.1614 67.0826
    endloop
  endfacet
  facet normal 1 0 0
    outer loop
      vertex 56 9.22333 68.1738
      vertex 56 11.1614 67.0826
      vertex 56 10.6125 67.6126
    endloop
  endfacet
  facet normal 1 0 0
    outer loop
      vertex 56 9.22333 68.1738
      vertex 56 10.6125 67.6126
      vertex 56 10.1528 67.9447
    endloop
  endfacet
  facet normal 1 0 0
    outer loop
      vertex 56 9.22333 68.1738
      vertex 56 10.1528 67.9447
      vertex 56 9.70197 68.1157
    endloop
  endfacet
  facet normal 1 0 0
    outer loop
      vertex 56 14.7472 61.9456
      vertex 56 9.22333 68.1738
      vertex 56 -15.6851 59.7079
    endloop
  endfacet
  facet normal 1 0 0
    outer loop
      vertex 56 -15.6851 59.7079
      vertex 56 9.22333 68.1738
      vertex 56 -9.22333 68.1738
    endloop
  endfacet
  facet normal 1 0 0
    outer loop
      vertex 56 -10.6125 67.6126
      vertex 56 -9.22333 68.1738
      vertex 56 -9.78476 68.0934
    endloop
  endfacet
  facet normal 1 0 0
    outer loop
      vertex 56 -10.6125 67.6126
      vertex 56 -9.78476 68.0934
      vertex 56 -10.2278 67.9032
    endloop
  endfacet
  facet normal 1 0 0
    outer loop
      vertex 56 -9.22333 68.1738
      vertex 56 -10.6125 67.6126
      vertex 56 -11.1614 67.0826
    endloop
  endfacet
  facet normal 1 0 0
    outer loop
      vertex 56 -9.22333 68.1738
      vertex 56 -11.1614 67.0826
      vertex 56 -11.2532 66.9879
    endloop
  endfacet
  facet normal 1 0 0
    outer loop
      vertex 56 -9.22333 68.1738
      vertex 56 -11.2532 66.9879
      vertex 56 -11.9774 66.19
    endloop
  endfacet
  facet normal 1 0 0
    outer loop
      vertex 56 -9.22333 68.1738
      vertex 56 -11.9774 66.19
      vertex 56 -12.0611 66.0915
    endloop
  endfacet
  facet normal 1 0 0
    outer loop
      vertex 56 -9.22333 68.1738
      vertex 56 -12.0611 66.0915
      vertex 56 -12.7419 65.2364
    endloop
  endfacet
  facet normal 1 0 0
    outer loop
      vertex 56 -9.22333 68.1738
      vertex 56 -12.7419 65.2364
      vertex 56 -12.8175 65.135
    endloop
  endfacet
  facet normal 1 0 0
    outer loop
      vertex 56 -9.22333 68.1738
      vertex 56 -12.8175 65.135
      vertex 56 -13.4515 64.2262
    endloop
  endfacet
  facet normal 1 0 0
    outer loop
      vertex 56 -9.22333 68.1738
      vertex 56 -13.4515 64.2262
      vertex 56 -13.5192 64.1223
    endloop
  endfacet
  facet normal 1 0 0
    outer loop
      vertex 56 -9.22333 68.1738
      vertex 56 -13.5192 64.1223
      vertex 56 -14.1034 63.1633
    endloop
  endfacet
  facet normal 1 0 0
    outer loop
      vertex 56 -9.22333 68.1738
      vertex 56 -14.1034 63.1633
      vertex 56 -14.1635 63.0575
    endloop
  endfacet
  facet normal 1 0 0
    outer loop
      vertex 56 -9.22333 68.1738
      vertex 56 -14.1635 63.0575
      vertex 56 -14.6945 62.0529
    endloop
  endfacet
  facet normal 1 0 0
    outer loop
      vertex 56 -9.22333 68.1738
      vertex 56 -14.6945 62.0529
      vertex 56 -14.7472 61.9456
    endloop
  endfacet
  facet normal 1 0 0
    outer loop
      vertex 56 -9.22333 68.1738
      vertex 56 -14.7472 61.9456
      vertex 56 -15.2225 60.8994
    endloop
  endfacet
  facet normal 1 0 0
    outer loop
      vertex 56 -15.268 60.7909
      vertex 56 -9.22333 68.1738
      vertex 56 -15.2225 60.8994
    endloop
  endfacet
  facet normal 1 0 0
    outer loop
      vertex 56 -15.6851 59.7079
      vertex 56 -9.22333 68.1738
      vertex 56 -15.268 60.7909
    endloop
  endfacet
  facet normal 1 0 0
    outer loop
      vertex 56 15.6851 59.7079
      vertex 56 -15.6851 59.7079
      vertex 56 -16.0804 58.4833
    endloop
  endfacet
  facet normal 1 0 0
    outer loop
      vertex 56 -16.0804 58.4833
      vertex 56 -15.6851 59.7079
      vertex 56 -15.7236 59.5985
    endloop
  endfacet
  facet normal 1 0 0
    outer loop
      vertex 56 16.0804 58.4833
      vertex 56 -16.0804 58.4833
      vertex 56 -32 7
    endloop
  endfacet
  facet normal 1 0 0
    outer loop
      vertex 56 32 7
      vertex 56 -32 7
      vertex 56 32 0
    endloop
  endfacet
  facet normal 1 0 0
    outer loop
      vertex 56 32 0
      vertex 56 -32 7
      vertex 56 -32 0
    endloop
  endfacet
  facet normal 0 -0.897583 0.440845
    outer loop
      vertex 50 -14.7472 61.9456
      vertex 56 -14.6945 62.0529
      vertex 50 -14.6945 62.0529
    endloop
  endfacet
  facet normal 0 -0.897583 0.440845
    outer loop
      vertex 56 -14.6945 62.0529
      vertex 50 -14.7472 61.9456
      vertex 56 -14.7472 61.9456
    endloop
  endfacet
  facet normal 0 -0.782331 0.622864
    outer loop
      vertex 50 -12.7419 65.2364
      vertex 56 -12.0611 66.0915
      vertex 50 -12.0611 66.0915
    endloop
  endfacet
  facet normal 0 -0.782331 0.622864
    outer loop
      vertex 56 -12.0611 66.0915
      vertex 50 -12.7419 65.2364
      vertex 56 -12.7419 65.2364
    endloop
  endfacet
  facet normal 0 -0.602751 0.797929
    outer loop
      vertex 50 -10.2278 67.9032
      vertex 56 -10.6125 67.6126
      vertex 56 -10.2278 67.9032
    endloop
  endfacet
  facet normal 0 -0.602751 0.797929
    outer loop
      vertex 56 -10.6125 67.6126
      vertex 50 -10.2278 67.9032
      vertex 50 -10.6125 67.6126
    endloop
  endfacet
  facet normal 0 -0.694613 0.719383
    outer loop
      vertex 50 -10.6125 67.6126
      vertex 56 -11.1614 67.0826
      vertex 56 -10.6125 67.6126
    endloop
  endfacet
  facet normal 0 -0.694613 0.719383
    outer loop
      vertex 56 -11.1614 67.0826
      vertex 50 -10.6125 67.6126
      vertex 50 -11.1614 67.0826
    endloop
  endfacet
  facet normal 0 0 -1
    outer loop
      vertex -56 -32 0
      vertex -50 32 0
      vertex -50 -32 0
    endloop
  endfacet
  facet normal -0 0 -1
    outer loop
      vertex -50 32 0
      vertex -56 -32 0
      vertex -56 32 0
    endloop
  endfacet
  facet normal 0 0.955368 0.295418
    outer loop
      vertex -50 32 7
      vertex -56 16.0804 58.4833
      vertex -50 16.0804 58.4833
    endloop
  endfacet
  facet normal 0 0.955368 0.295418
    outer loop
      vertex -56 16.0804 58.4833
      vertex -50 32 7
      vertex -56 32 7
    endloop
  endfacet
  facet normal 0 0.933183 0.359401
    outer loop
      vertex -50 15.6851 59.7079
      vertex -56 15.268 60.7909
      vertex -50 15.268 60.7909
    endloop
  endfacet
  facet normal 0 0.933183 0.359401
    outer loop
      vertex -56 15.268 60.7909
      vertex -50 15.6851 59.7079
      vertex -56 15.6851 59.7079
    endloop
  endfacet
  facet normal 0 -0.943292 0.331963
    outer loop
      vertex -56 -15.7236 59.5985
      vertex -50 -15.6851 59.7079
      vertex -56 -15.6851 59.7079
    endloop
  endfacet
  facet normal 0 -0.943292 0.331963
    outer loop
      vertex -50 -15.6851 59.7079
      vertex -56 -15.7236 59.5985
      vertex -50 -15.7236 59.5985
    endloop
  endfacet
  facet normal 0 -0.910447 0.413626
    outer loop
      vertex -56 -15.2225 60.8994
      vertex -50 -14.7472 61.9456
      vertex -56 -14.7472 61.9456
    endloop
  endfacet
  facet normal 0 -0.910447 0.413626
    outer loop
      vertex -50 -14.7472 61.9456
      vertex -56 -15.2225 60.8994
      vertex -50 -15.2225 60.8994
    endloop
  endfacet
  facet normal 0 -0.14176 0.989901
    outer loop
      vertex -56 -9.22333 68.1738
      vertex -50 -9.78476 68.0934
      vertex -50 -9.22333 68.1738
    endloop
  endfacet
  facet normal 0 -0.14176 0.989901
    outer loop
      vertex -50 -9.78476 68.0934
      vertex -56 -9.22333 68.1738
      vertex -56 -9.78476 68.0934
    endloop
  endfacet
  facet normal 0 -0.884096 0.467305
    outer loop
      vertex -56 -14.6945 62.0529
      vertex -50 -14.1635 63.0575
      vertex -56 -14.1635 63.0575
    endloop
  endfacet
  facet normal 0 -0.884096 0.467305
    outer loop
      vertex -50 -14.1635 63.0575
      vertex -56 -14.6945 62.0529
      vertex -50 -14.6945 62.0529
    endloop
  endfacet
  facet normal 0 -0.95244 0.304726
    outer loop
      vertex -56 -16.0804 58.4833
      vertex -50 -15.7236 59.5985
      vertex -56 -15.7236 59.5985
    endloop
  endfacet
  facet normal 0 -0.95244 0.304726
    outer loop
      vertex -50 -15.7236 59.5985
      vertex -56 -16.0804 58.4833
      vertex -50 -16.0804 58.4833
    endloop
  endfacet
  facet normal -0 0.5856 0.8106
    outer loop
      vertex -56 10.6125 67.6126
      vertex -50 10.1528 67.9447
      vertex -50 10.6125 67.6126
    endloop
  endfacet
  facet normal 0 0.5856 0.8106
    outer loop
      vertex -50 10.1528 67.9447
      vertex -56 10.6125 67.6126
      vertex -56 10.1528 67.9447
    endloop
  endfacet
  facet normal -0 0 1
    outer loop
      vertex -56 9.22333 68.1738
      vertex -50 -9.22333 68.1738
      vertex -50 9.22333 68.1738
    endloop
  endfacet
  facet normal 0 0 1
    outer loop
      vertex -50 -9.22333 68.1738
      vertex -56 9.22333 68.1738
      vertex -56 -9.22333 68.1738
    endloop
  endfacet
  facet normal 0 -0.933183 0.359401
    outer loop
      vertex -56 -15.6851 59.7079
      vertex -50 -15.268 60.7909
      vertex -56 -15.268 60.7909
    endloop
  endfacet
  facet normal 0 -0.933183 0.359401
    outer loop
      vertex -50 -15.268 60.7909
      vertex -56 -15.6851 59.7079
      vertex -50 -15.6851 59.7079
    endloop
  endfacet
  facet normal 0 -0.39449 0.9189
    outer loop
      vertex -56 -9.78476 68.0934
      vertex -50 -10.2278 67.9032
      vertex -50 -9.78476 68.0934
    endloop
  endfacet
  facet normal 0 -0.39449 0.9189
    outer loop
      vertex -50 -10.2278 67.9032
      vertex -56 -9.78476 68.0934
      vertex -56 -10.2278 67.9032
    endloop
  endfacet
  facet normal 0 -0.740477 0.672081
    outer loop
      vertex -56 -11.9774 66.19
      vertex -50 -11.2532 66.9879
      vertex -56 -11.2532 66.9879
    endloop
  endfacet
  facet normal 0 -0.740477 0.672081
    outer loop
      vertex -50 -11.2532 66.9879
      vertex -56 -11.9774 66.19
      vertex -50 -11.9774 66.19
    endloop
  endfacet
  facet normal 0 -0.922194 0.386727
    outer loop
      vertex -56 -15.268 60.7909
      vertex -50 -15.2225 60.8994
      vertex -56 -15.2225 60.8994
    endloop
  endfacet
  facet normal 0 -0.922194 0.386727
    outer loop
      vertex -50 -15.2225 60.8994
      vertex -56 -15.268 60.7909
      vertex -50 -15.268 60.7909
    endloop
  endfacet
  facet normal -0 0.120501 0.992713
    outer loop
      vertex -56 9.70197 68.1157
      vertex -50 9.22333 68.1738
      vertex -50 9.70197 68.1157
    endloop
  endfacet
  facet normal 0 0.120501 0.992713
    outer loop
      vertex -50 9.22333 68.1738
      vertex -56 9.70197 68.1157
      vertex -56 9.22333 68.1738
    endloop
  endfacet
  facet normal 0 0.820147 0.572153
    outer loop
      vertex -50 13.4515 64.2262
      vertex -56 12.8175 65.135
      vertex -50 12.8175 65.135
    endloop
  endfacet
  facet normal 0 0.820147 0.572153
    outer loop
      vertex -56 12.8175 65.135
      vertex -50 13.4515 64.2262
      vertex -56 13.4515 64.2262
    endloop
  endfacet
  facet normal 0 -0.854016 0.520246
    outer loop
      vertex -56 -14.1034 63.1633
      vertex -50 -13.5192 64.1223
      vertex -56 -13.5192 64.1223
    endloop
  endfacet
  facet normal 0 -0.854016 0.520246
    outer loop
      vertex -50 -13.5192 64.1223
      vertex -56 -14.1034 63.1633
      vertex -50 -14.1034 63.1633
    endloop
  endfacet
  facet normal 0 0.95244 0.304726
    outer loop
      vertex -50 16.0804 58.4833
      vertex -56 15.7236 59.5985
      vertex -50 15.7236 59.5985
    endloop
  endfacet
  facet normal 0 0.95244 0.304726
    outer loop
      vertex -56 15.7236 59.5985
      vertex -50 16.0804 58.4833
      vertex -56 16.0804 58.4833
    endloop
  endfacet
  facet normal 0 -0.955368 0.295418
    outer loop
      vertex -56 -32 7
      vertex -50 -16.0804 58.4833
      vertex -56 -16.0804 58.4833
    endloop
  endfacet
  facet normal 0 -0.955368 0.295418
    outer loop
      vertex -50 -16.0804 58.4833
      vertex -56 -32 7
      vertex -50 -32 7
    endloop
  endfacet
  facet normal 0 0.801705 0.597721
    outer loop
      vertex -50 12.8175 65.135
      vertex -56 12.7419 65.2364
      vertex -50 12.7419 65.2364
    endloop
  endfacet
  facet normal 0 0.801705 0.597721
    outer loop
      vertex -56 12.7419 65.2364
      vertex -50 12.8175 65.135
      vertex -56 12.8175 65.135
    endloop
  endfacet
  facet normal 0 0.718015 0.696027
    outer loop
      vertex -50 11.2532 66.9879
      vertex -56 11.1614 67.0826
      vertex -50 11.1614 67.0826
    endloop
  endfacet
  facet normal 0 0.718015 0.696027
    outer loop
      vertex -56 11.1614 67.0826
      vertex -50 11.2532 66.9879
      vertex -56 11.2532 66.9879
    endloop
  endfacet
  facet normal -0 0.354646 0.935001
    outer loop
      vertex -56 10.1528 67.9447
      vertex -50 9.70197 68.1157
      vertex -50 10.1528 67.9447
    endloop
  endfacet
  facet normal 0 0.354646 0.935001
    outer loop
      vertex -50 9.70197 68.1157
      vertex -56 10.1528 67.9447
      vertex -56 9.70197 68.1157
    endloop
  endfacet
  facet normal 0 -0.801705 0.597721
    outer loop
      vertex -56 -12.8175 65.135
      vertex -50 -12.7419 65.2364
      vertex -56 -12.7419 65.2364
    endloop
  endfacet
  facet normal 0 -0.801705 0.597721
    outer loop
      vertex -50 -12.7419 65.2364
      vertex -56 -12.8175 65.135
      vertex -50 -12.8175 65.135
    endloop
  endfacet
  facet normal 0 0.884096 0.467305
    outer loop
      vertex -50 14.6945 62.0529
      vertex -56 14.1635 63.0575
      vertex -50 14.1635 63.0575
    endloop
  endfacet
  facet normal 0 0.884096 0.467305
    outer loop
      vertex -56 14.1635 63.0575
      vertex -50 14.6945 62.0529
      vertex -56 14.6945 62.0529
    endloop
  endfacet
  facet normal 0 -0.820147 0.572153
    outer loop
      vertex -56 -13.4515 64.2262
      vertex -50 -12.8175 65.135
      vertex -56 -12.8175 65.135
    endloop
  endfacet
  facet normal 0 -0.820147 0.572153
    outer loop
      vertex -50 -12.8175 65.135
      vertex -56 -13.4515 64.2262
      vertex -50 -13.4515 64.2262
    endloop
  endfacet
  facet normal 0 0.740477 0.672081
    outer loop
      vertex -50 11.9774 66.19
      vertex -56 11.2532 66.9879
      vertex -50 11.2532 66.9879
    endloop
  endfacet
  facet normal 0 0.740477 0.672081
    outer loop
      vertex -56 11.2532 66.9879
      vertex -50 11.9774 66.19
      vertex -56 11.9774 66.19
    endloop
  endfacet
  facet normal 0 0.922194 0.386727
    outer loop
      vertex -50 15.268 60.7909
      vertex -56 15.2225 60.8994
      vertex -50 15.2225 60.8994
    endloop
  endfacet
  facet normal 0 0.922194 0.386727
    outer loop
      vertex -56 15.2225 60.8994
      vertex -50 15.268 60.7909
      vertex -56 15.268 60.7909
    endloop
  endfacet
  facet normal 0 0.762035 0.647536
    outer loop
      vertex -50 12.0611 66.0915
      vertex -56 11.9774 66.19
      vertex -50 11.9774 66.19
    endloop
  endfacet
  facet normal 0 0.762035 0.647536
    outer loop
      vertex -56 11.9774 66.19
      vertex -50 12.0611 66.0915
      vertex -56 12.0611 66.0915
    endloop
  endfacet
  facet normal 0 0.910447 0.413626
    outer loop
      vertex -50 15.2225 60.8994
      vertex -56 14.7472 61.9456
      vertex -50 14.7472 61.9456
    endloop
  endfacet
  facet normal 0 0.910447 0.413626
    outer loop
      vertex -56 14.7472 61.9456
      vertex -50 15.2225 60.8994
      vertex -56 15.2225 60.8994
    endloop
  endfacet
  facet normal -0 0.694613 0.719383
    outer loop
      vertex -56 11.1614 67.0826
      vertex -50 10.6125 67.6126
      vertex -50 11.1614 67.0826
    endloop
  endfacet
  facet normal 0 0.694613 0.719383
    outer loop
      vertex -50 10.6125 67.6126
      vertex -56 11.1614 67.0826
      vertex -56 10.6125 67.6126
    endloop
  endfacet
  facet normal 0 0.943292 0.331963
    outer loop
      vertex -50 15.7236 59.5985
      vertex -56 15.6851 59.7079
      vertex -50 15.6851 59.7079
    endloop
  endfacet
  facet normal 0 0.943292 0.331963
    outer loop
      vertex -56 15.6851 59.7079
      vertex -50 15.7236 59.5985
      vertex -56 15.7236 59.5985
    endloop
  endfacet
  facet normal 0 0.782331 0.622864
    outer loop
      vertex -50 12.7419 65.2364
      vertex -56 12.0611 66.0915
      vertex -50 12.0611 66.0915
    endloop
  endfacet
  facet normal 0 0.782331 0.622864
    outer loop
      vertex -56 12.0611 66.0915
      vertex -50 12.7419 65.2364
      vertex -56 12.7419 65.2364
    endloop
  endfacet
  facet normal 0 -0.718015 0.696027
    outer loop
      vertex -56 -11.2532 66.9879
      vertex -50 -11.1614 67.0826
      vertex -56 -11.1614 67.0826
    endloop
  endfacet
  facet normal 0 -0.718015 0.696027
    outer loop
      vertex -50 -11.1614 67.0826
      vertex -56 -11.2532 66.9879
      vertex -50 -11.2532 66.9879
    endloop
  endfacet
  facet normal 0 -0.762035 0.647536
    outer loop
      vertex -56 -12.0611 66.0915
      vertex -50 -11.9774 66.19
      vertex -56 -11.9774 66.19
    endloop
  endfacet
  facet normal 0 -0.762035 0.647536
    outer loop
      vertex -50 -11.9774 66.19
      vertex -56 -12.0611 66.0915
      vertex -50 -12.0611 66.0915
    endloop
  endfacet
  facet normal 0 0.869505 0.493925
    outer loop
      vertex -50 14.1635 63.0575
      vertex -56 14.1034 63.1633
      vertex -50 14.1034 63.1633
    endloop
  endfacet
  facet normal 0 0.869505 0.493925
    outer loop
      vertex -56 14.1034 63.1633
      vertex -50 14.1635 63.0575
      vertex -56 14.1635 63.0575
    endloop
  endfacet
  facet normal 0 0.897583 0.440845
    outer loop
      vertex -50 14.7472 61.9456
      vertex -56 14.6945 62.0529
      vertex -50 14.6945 62.0529
    endloop
  endfacet
  facet normal 0 0.897583 0.440845
    outer loop
      vertex -56 14.6945 62.0529
      vertex -50 14.7472 61.9456
      vertex -56 14.7472 61.9456
    endloop
  endfacet
  facet normal 0 -0.837835 0.545923
    outer loop
      vertex -56 -13.5192 64.1223
      vertex -50 -13.4515 64.2262
      vertex -56 -13.4515 64.2262
    endloop
  endfacet
  facet normal 0 -0.837835 0.545923
    outer loop
      vertex -50 -13.4515 64.2262
      vertex -56 -13.5192 64.1223
      vertex -50 -13.5192 64.1223
    endloop
  endfacet
  facet normal 0 0.854016 0.520246
    outer loop
      vertex -50 14.1034 63.1633
      vertex -56 13.5192 64.1223
      vertex -50 13.5192 64.1223
    endloop
  endfacet
  facet normal 0 0.854016 0.520246
    outer loop
      vertex -56 13.5192 64.1223
      vertex -50 14.1034 63.1633
      vertex -56 14.1034 63.1633
    endloop
  endfacet
  facet normal 0 0.837835 0.545923
    outer loop
      vertex -50 13.5192 64.1223
      vertex -56 13.4515 64.2262
      vertex -50 13.4515 64.2262
    endloop
  endfacet
  facet normal 0 0.837835 0.545923
    outer loop
      vertex -56 13.4515 64.2262
      vertex -50 13.5192 64.1223
      vertex -56 13.5192 64.1223
    endloop
  endfacet
  facet normal 0 -0.869505 0.493925
    outer loop
      vertex -56 -14.1635 63.0575
      vertex -50 -14.1034 63.1633
      vertex -56 -14.1034 63.1633
    endloop
  endfacet
  facet normal 0 -0.869505 0.493925
    outer loop
      vertex -50 -14.1034 63.1633
      vertex -56 -14.1635 63.0575
      vertex -50 -14.1635 63.0575
    endloop
  endfacet
  facet normal 1 0 0
    outer loop
      vertex -50 16.0804 58.4833
      vertex -50 12.9736 52.9935
      vertex -50 12.9986 52.0532
    endloop
  endfacet
  facet normal 1 0 0
    outer loop
      vertex -50 13.5192 64.1223
      vertex -50 12.9679 53.0998
      vertex -50 12.9736 52.9935
    endloop
  endfacet
  facet normal 1 0 0
    outer loop
      vertex -50 13.5192 64.1223
      vertex -50 12.8931 54.035
      vertex -50 12.9679 53.0998
    endloop
  endfacet
  facet normal 1 0 0
    outer loop
      vertex -50 13.5192 64.1223
      vertex -50 12.8817 54.1414
      vertex -50 12.8931 54.035
    endloop
  endfacet
  facet normal 1 0 0
    outer loop
      vertex -50 10.2086 61.7206
      vertex -50 13.4515 64.2262
      vertex -50 12.8175 65.135
    endloop
  endfacet
  facet normal 1 0 0
    outer loop
      vertex -50 13.5192 64.1223
      vertex -50 12.7574 55.068
      vertex -50 12.8817 54.1414
    endloop
  endfacet
  facet normal 1 0 0
    outer loop
      vertex -50 9.81178 61.9944
      vertex -50 12.8175 65.135
      vertex -50 12.7419 65.2364
    endloop
  endfacet
  facet normal 1 0 0
    outer loop
      vertex -50 13.5192 64.1223
      vertex -50 12.7402 55.1744
      vertex -50 12.7574 55.068
    endloop
  endfacet
  facet normal 1 0 0
    outer loop
      vertex -50 13.5192 64.1223
      vertex -50 12.5672 56.0875
      vertex -50 12.7402 55.1744
    endloop
  endfacet
  facet normal 1 0 0
    outer loop
      vertex -50 13.5192 64.1223
      vertex -50 12.544 56.1938
      vertex -50 12.5672 56.0875
    endloop
  endfacet
  facet normal 1 0 0
    outer loop
      vertex -50 13.5192 64.1223
      vertex -50 12.3233 57.0895
      vertex -50 12.544 56.1938
    endloop
  endfacet
  facet normal 1 0 0
    outer loop
      vertex -50 13.5192 64.1223
      vertex -50 12.294 57.1958
      vertex -50 12.3233 57.0895
    endloop
  endfacet
  facet normal 1 0 0
    outer loop
      vertex -50 9.81178 61.9944
      vertex -50 12.7419 65.2364
      vertex -50 12.0611 66.0915
    endloop
  endfacet
  facet normal 1 0 0
    outer loop
      vertex -50 13.5192 64.1223
      vertex -50 12.0268 58.0693
      vertex -50 12.294 57.1958
    endloop
  endfacet
  facet normal 1 0 0
    outer loop
      vertex -50 13.5192 64.1223
      vertex -50 11.9911 58.1754
      vertex -50 12.0268 58.0693
    endloop
  endfacet
  facet normal 1 0 0
    outer loop
      vertex -50 9.36098 62.1654
      vertex -50 12.0611 66.0915
      vertex -50 11.9774 66.19
    endloop
  endfacet
  facet normal 1 0 0
    outer loop
      vertex -50 13.5192 64.1223
      vertex -50 11.679 59.0232
      vertex -50 11.9911 58.1754
    endloop
  endfacet
  facet normal 1 0 0
    outer loop
      vertex -50 13.5192 64.1223
      vertex -50 11.6366 59.1289
      vertex -50 11.679 59.0232
    endloop
  endfacet
  facet normal 1 0 0
    outer loop
      vertex -50 13.5192 64.1223
      vertex -50 11.2814 59.9467
      vertex -50 11.6366 59.1289
    endloop
  endfacet
  facet normal 1 0 0
    outer loop
      vertex -50 9.36098 62.1654
      vertex -50 11.9774 66.19
      vertex -50 11.2532 66.9879
    endloop
  endfacet
  facet normal 1 0 0
    outer loop
      vertex -50 13.5192 64.1223
      vertex -50 11.2321 60.052
      vertex -50 11.2814 59.9467
    endloop
  endfacet
  facet normal 1 0 0
    outer loop
      vertex -50 8.88234 62.2235
      vertex -50 11.2532 66.9879
      vertex -50 11.1614 67.0826
    endloop
  endfacet
  facet normal 1 0 0
    outer loop
      vertex -50 13.5192 64.1223
      vertex -50 10.8359 60.8362
      vertex -50 11.2321 60.052
    endloop
  endfacet
  facet normal 1 0 0
    outer loop
      vertex -50 13.5192 64.1223
      vertex -50 10.7791 60.9406
      vertex -50 10.8359 60.8362
    endloop
  endfacet
  facet normal 1 0 0
    outer loop
      vertex -50 8.88234 62.2235
      vertex -50 11.1614 67.0826
      vertex -50 10.6125 67.6126
    endloop
  endfacet
  facet normal 1 0 0
    outer loop
      vertex -50 13.5192 64.1223
      vertex -50 10.6107 61.2298
      vertex -50 10.7791 60.9406
    endloop
  endfacet
  facet normal 1 0 0
    outer loop
      vertex -50 13.5192 64.1223
      vertex -50 10.2086 61.7206
      vertex -50 10.6107 61.2298
    endloop
  endfacet
  facet normal 1 0 0
    outer loop
      vertex -50 9.22333 68.1738
      vertex -50 10.6125 67.6126
      vertex -50 10.1528 67.9447
    endloop
  endfacet
  facet normal 1 0 0
    outer loop
      vertex -50 12.8175 65.135
      vertex -50 9.81178 61.9944
      vertex -50 10.2086 61.7206
    endloop
  endfacet
  facet normal 1 0 0
    outer loop
      vertex -50 9.22333 68.1738
      vertex -50 10.1528 67.9447
      vertex -50 9.70197 68.1157
    endloop
  endfacet
  facet normal 1 0 0
    outer loop
      vertex -50 12.0611 66.0915
      vertex -50 9.36098 62.1654
      vertex -50 9.81178 61.9944
    endloop
  endfacet
  facet normal 1 0 0
    outer loop
      vertex -50 10.6125 67.6126
      vertex -50 9.22333 68.1738
      vertex -50 8.88234 62.2235
    endloop
  endfacet
  facet normal 1 0 0
    outer loop
      vertex -50 11.2532 66.9879
      vertex -50 8.88234 62.2235
      vertex -50 9.36098 62.1654
    endloop
  endfacet
  facet normal 1 0 0
    outer loop
      vertex -50 9.22333 68.1738
      vertex -50 -8.88234 62.2235
      vertex -50 8.88234 62.2235
    endloop
  endfacet
  facet normal 1 -0 0
    outer loop
      vertex -50 -9.22333 68.1738
      vertex -50 -8.88234 62.2235
      vertex -50 9.22333 68.1738
    endloop
  endfacet
  facet normal 1 -0 0
    outer loop
      vertex -50 -11.1614 67.0826
      vertex -50 -8.88234 62.2235
      vertex -50 -9.22333 68.1738
    endloop
  endfacet
  facet normal 1 0 0
    outer loop
      vertex -50 -10.6125 67.6126
      vertex -50 -9.22333 68.1738
      vertex -50 -9.78476 68.0934
    endloop
  endfacet
  facet normal 1 0 0
    outer loop
      vertex -50 -11.1614 67.0826
      vertex -50 -9.22333 68.1738
      vertex -50 -10.6125 67.6126
    endloop
  endfacet
  facet normal 1 0 0
    outer loop
      vertex -50 -10.6125 67.6126
      vertex -50 -9.78476 68.0934
      vertex -50 -10.2278 67.9032
    endloop
  endfacet
  facet normal 1 -0 0
    outer loop
      vertex -50 -11.2532 66.9879
      vertex -50 -8.88234 62.2235
      vertex -50 -11.1614 67.0826
    endloop
  endfacet
  facet normal 1 0 0
    outer loop
      vertex -50 -8.88234 62.2235
      vertex -50 -11.2532 66.9879
      vertex -50 -9.50874 62.1229
    endloop
  endfacet
  facet normal 1 -0 0
    outer loop
      vertex -50 -11.9774 66.19
      vertex -50 -9.50874 62.1229
      vertex -50 -11.2532 66.9879
    endloop
  endfacet
  facet normal 1 -0 0
    outer loop
      vertex -50 -12.0611 66.0915
      vertex -50 -9.50874 62.1229
      vertex -50 -11.9774 66.19
    endloop
  endfacet
  facet normal 1 -0 0
    outer loop
      vertex -50 -12.7419 65.2364
      vertex -50 -9.50874 62.1229
      vertex -50 -12.0611 66.0915
    endloop
  endfacet
  facet normal 1 0 0
    outer loop
      vertex -50 -9.50874 62.1229
      vertex -50 -12.7419 65.2364
      vertex -50 -9.94508 61.9178
    endloop
  endfacet
  facet normal 1 -0 0
    outer loop
      vertex -50 -12.8175 65.135
      vertex -50 -9.94508 61.9178
      vertex -50 -12.7419 65.2364
    endloop
  endfacet
  facet normal 1 -0 0
    outer loop
      vertex -50 -13.4515 64.2262
      vertex -50 -9.94508 61.9178
      vertex -50 -12.8175 65.135
    endloop
  endfacet
  facet normal 1 0 0
    outer loop
      vertex -50 -9.94508 61.9178
      vertex -50 -13.4515 64.2262
      vertex -50 -10.3197 61.6142
    endloop
  endfacet
  facet normal 1 -0 0
    outer loop
      vertex -50 -13.5192 64.1223
      vertex -50 -10.3197 61.6142
      vertex -50 -13.4515 64.2262
    endloop
  endfacet
  facet normal 1 0 0
    outer loop
      vertex -50 -10.3197 61.6142
      vertex -50 -13.5192 64.1223
      vertex -50 -10.6107 61.2298
    endloop
  endfacet
  facet normal 1 -0 0
    outer loop
      vertex -50 -14.1034 63.1633
      vertex -50 -10.6107 61.2298
      vertex -50 -13.5192 64.1223
    endloop
  endfacet
  facet normal 1 -0 0
    outer loop
      vertex -50 -14.1635 63.0575
      vertex -50 -10.6107 61.2298
      vertex -50 -14.1034 63.1633
    endloop
  endfacet
  facet normal 1 0 0
    outer loop
      vertex -50 -10.6107 61.2298
      vertex -50 -14.1635 63.0575
      vertex -50 -10.7791 60.9406
    endloop
  endfacet
  facet normal 1 0 0
    outer loop
      vertex -50 -10.7791 60.9406
      vertex -50 -14.1635 63.0575
      vertex -50 -10.8359 60.8362
    endloop
  endfacet
  facet normal 1 -0 0
    outer loop
      vertex -50 -14.6945 62.0529
      vertex -50 -10.8359 60.8362
      vertex -50 -14.1635 63.0575
    endloop
  endfacet
  facet normal 1 0 0
    outer loop
      vertex -50 -10.8359 60.8362
      vertex -50 -14.6945 62.0529
      vertex -50 -11.2321 60.052
    endloop
  endfacet
  facet normal 1 -0 0
    outer loop
      vertex -50 -14.7472 61.9456
      vertex -50 -11.2321 60.052
      vertex -50 -14.6945 62.0529
    endloop
  endfacet
  facet normal 1 0 0
    outer loop
      vertex -50 -11.2321 60.052
      vertex -50 -14.7472 61.9456
      vertex -50 -11.2814 59.9467
    endloop
  endfacet
  facet normal 1 -0 0
    outer loop
      vertex -50 -15.2225 60.8994
      vertex -50 -11.2814 59.9467
      vertex -50 -14.7472 61.9456
    endloop
  endfacet
  facet normal 1 0 0
    outer loop
      vertex -50 -11.2814 59.9467
      vertex -50 -15.2225 60.8994
      vertex -50 -11.6366 59.1289
    endloop
  endfacet
  facet normal 1 -0 0
    outer loop
      vertex -50 -15.268 60.7909
      vertex -50 -11.6366 59.1289
      vertex -50 -15.2225 60.8994
    endloop
  endfacet
  facet normal 1 0 0
    outer loop
      vertex -50 -11.6366 59.1289
      vertex -50 -15.268 60.7909
      vertex -50 -11.679 59.0232
    endloop
  endfacet
  facet normal 1 -0 0
    outer loop
      vertex -50 -15.6851 59.7079
      vertex -50 -11.679 59.0232
      vertex -50 -15.268 60.7909
    endloop
  endfacet
  facet normal 1 0 0
    outer loop
      vertex -50 -11.679 59.0232
      vertex -50 -15.6851 59.7079
      vertex -50 -11.9911 58.1754
    endloop
  endfacet
  facet normal 1 -0 0
    outer loop
      vertex -50 -15.7236 59.5985
      vertex -50 -11.9911 58.1754
      vertex -50 -15.6851 59.7079
    endloop
  endfacet
  facet normal 1 0 0
    outer loop
      vertex -50 -11.9911 58.1754
      vertex -50 -15.7236 59.5985
      vertex -50 -12.0268 58.0693
    endloop
  endfacet
  facet normal 1 -0 0
    outer loop
      vertex -50 -16.0804 58.4833
      vertex -50 -12.0268 58.0693
      vertex -50 -15.7236 59.5985
    endloop
  endfacet
  facet normal 1 0 0
    outer loop
      vertex -50 -12.294 57.1958
      vertex -50 -16.0804 58.4833
      vertex -50 -12.3233 57.0895
    endloop
  endfacet
  facet normal 1 0 0
    outer loop
      vertex -50 -12.0268 58.0693
      vertex -50 -16.0804 58.4833
      vertex -50 -12.294 57.1958
    endloop
  endfacet
  facet normal 1 -0 0
    outer loop
      vertex -50 12.7402 48.8256
      vertex -50 32 7
      vertex -50 16.0804 58.4833
    endloop
  endfacet
  facet normal 1 0 0
    outer loop
      vertex -50 12.9736 52.9935
      vertex -50 16.0804 58.4833
      vertex -50 15.7236 59.5985
    endloop
  endfacet
  facet normal 1 0 0
    outer loop
      vertex -50 12.9736 52.9935
      vertex -50 15.7236 59.5985
      vertex -50 15.6851 59.7079
    endloop
  endfacet
  facet normal 1 0 0
    outer loop
      vertex -50 12.9736 52.9935
      vertex -50 15.6851 59.7079
      vertex -50 15.268 60.7909
    endloop
  endfacet
  facet normal 1 0 0
    outer loop
      vertex -50 12.9736 52.9935
      vertex -50 15.268 60.7909
      vertex -50 15.2225 60.8994
    endloop
  endfacet
  facet normal 1 0 0
    outer loop
      vertex -50 12.9736 52.9935
      vertex -50 15.2225 60.8994
      vertex -50 14.7472 61.9456
    endloop
  endfacet
  facet normal 1 0 0
    outer loop
      vertex -50 12.9736 52.9935
      vertex -50 14.7472 61.9456
      vertex -50 14.6945 62.0529
    endloop
  endfacet
  facet normal 1 0 0
    outer loop
      vertex -50 12.9736 52.9935
      vertex -50 14.6945 62.0529
      vertex -50 14.1635 63.0575
    endloop
  endfacet
  facet normal 1 0 0
    outer loop
      vertex -50 12.9736 52.9935
      vertex -50 14.1635 63.0575
      vertex -50 14.1034 63.1633
    endloop
  endfacet
  facet normal 1 0 0
    outer loop
      vertex -50 12.9736 52.9935
      vertex -50 14.1034 63.1633
      vertex -50 13.5192 64.1223
    endloop
  endfacet
  facet normal 1 0 0
    outer loop
      vertex -50 10.2086 61.7206
      vertex -50 13.5192 64.1223
      vertex -50 13.4515 64.2262
    endloop
  endfacet
  facet normal 1 0 0
    outer loop
      vertex -50 16.0804 58.4833
      vertex -50 12.9986 52.0532
      vertex -50 12.9986 51.9468
    endloop
  endfacet
  facet normal 1 0 0
    outer loop
      vertex -50 16.0804 58.4833
      vertex -50 12.9986 51.9468
      vertex -50 12.9736 51.0065
    endloop
  endfacet
  facet normal 1 0 0
    outer loop
      vertex -50 16.0804 58.4833
      vertex -50 12.9736 51.0065
      vertex -50 12.9679 50.9002
    endloop
  endfacet
  facet normal 1 0 0
    outer loop
      vertex -50 16.0804 58.4833
      vertex -50 12.9679 50.9002
      vertex -50 12.8931 49.965
    endloop
  endfacet
  facet normal 1 0 0
    outer loop
      vertex -50 16.0804 58.4833
      vertex -50 12.8931 49.965
      vertex -50 12.8817 49.8586
    endloop
  endfacet
  facet normal 1 0 0
    outer loop
      vertex -50 16.0804 58.4833
      vertex -50 12.8817 49.8586
      vertex -50 12.7574 48.932
    endloop
  endfacet
  facet normal 1 0 0
    outer loop
      vertex -50 12.7402 48.8256
      vertex -50 16.0804 58.4833
      vertex -50 12.7574 48.932
    endloop
  endfacet
  facet normal 1 -0 0
    outer loop
      vertex -50 12.5672 47.9125
      vertex -50 32 7
      vertex -50 12.7402 48.8256
    endloop
  endfacet
  facet normal 1 -0 0
    outer loop
      vertex -50 12.544 47.8062
      vertex -50 32 7
      vertex -50 12.5672 47.9125
    endloop
  endfacet
  facet normal 1 -0 0
    outer loop
      vertex -50 12.3233 46.9105
      vertex -50 32 7
      vertex -50 12.544 47.8062
    endloop
  endfacet
  facet normal 1 -0 0
    outer loop
      vertex -50 12.294 46.8042
      vertex -50 32 7
      vertex -50 12.3233 46.9105
    endloop
  endfacet
  facet normal 1 -0 0
    outer loop
      vertex -50 12.0268 45.9307
      vertex -50 32 7
      vertex -50 12.294 46.8042
    endloop
  endfacet
  facet normal 1 -0 0
    outer loop
      vertex -50 11.9911 45.8246
      vertex -50 32 7
      vertex -50 12.0268 45.9307
    endloop
  endfacet
  facet normal 1 -0 0
    outer loop
      vertex -50 11.679 44.9768
      vertex -50 32 7
      vertex -50 11.9911 45.8246
    endloop
  endfacet
  facet normal 1 -0 0
    outer loop
      vertex -50 11.6366 44.8711
      vertex -50 32 7
      vertex -50 11.679 44.9768
    endloop
  endfacet
  facet normal 1 -0 0
    outer loop
      vertex -50 11.2814 44.0533
      vertex -50 32 7
      vertex -50 11.6366 44.8711
    endloop
  endfacet
  facet normal 1 -0 0
    outer loop
      vertex -50 11.2321 43.948
      vertex -50 32 7
      vertex -50 11.2814 44.0533
    endloop
  endfacet
  facet normal 1 -0 0
    outer loop
      vertex -50 10.8359 43.1638
      vertex -50 32 7
      vertex -50 11.2321 43.948
    endloop
  endfacet
  facet normal 1 -0 0
    outer loop
      vertex -50 10.7792 43.0594
      vertex -50 32 7
      vertex -50 10.8359 43.1638
    endloop
  endfacet
  facet normal 1 -0 0
    outer loop
      vertex -50 10.3443 42.3125
      vertex -50 32 7
      vertex -50 10.7792 43.0594
    endloop
  endfacet
  facet normal 1 -0 0
    outer loop
      vertex -50 10.2799 42.2092
      vertex -50 32 7
      vertex -50 10.3443 42.3125
    endloop
  endfacet
  facet normal 1 -0 0
    outer loop
      vertex -50 9.80861 41.5025
      vertex -50 32 7
      vertex -50 10.2799 42.2092
    endloop
  endfacet
  facet normal 1 -0 0
    outer loop
      vertex -50 9.73618 41.4009
      vertex -50 32 7
      vertex -50 9.80861 41.5025
    endloop
  endfacet
  facet normal 1 -0 0
    outer loop
      vertex -50 9.23117 40.7373
      vertex -50 32 7
      vertex -50 9.73618 41.4009
    endloop
  endfacet
  facet normal 1 -0 0
    outer loop
      vertex -50 9.15034 40.6378
      vertex -50 32 7
      vertex -50 9.23117 40.7373
    endloop
  endfacet
  facet normal 1 -0 0
    outer loop
      vertex -50 8.61456 40.0202
      vertex -50 32 7
      vertex -50 9.15034 40.6378
    endloop
  endfacet
  facet normal 1 -0 0
    outer loop
      vertex -50 8.5251 39.9237
      vertex -50 32 7
      vertex -50 8.61456 40.0202
    endloop
  endfacet
  facet normal 1 -0 0
    outer loop
      vertex -50 7.96164 39.3546
      vertex -50 32 7
      vertex -50 8.5251 39.9237
    endloop
  endfacet
  facet normal 1 -0 0
    outer loop
      vertex -50 7.8633 39.2617
      vertex -50 32 7
      vertex -50 7.96164 39.3546
    endloop
  endfacet
  facet normal 1 -0 0
    outer loop
      vertex -50 7.27444 38.7424
      vertex -50 32 7
      vertex -50 7.8633 39.2617
    endloop
  endfacet
  facet normal 1 -0 0
    outer loop
      vertex -50 7.16702 38.6541
      vertex -50 32 7
      vertex -50 7.27444 38.7424
    endloop
  endfacet
  facet normal 1 -0 0
    outer loop
      vertex -50 6.55675 38.187
      vertex -50 32 7
      vertex -50 7.16702 38.6541
    endloop
  endfacet
  facet normal 1 -0 0
    outer loop
      vertex -50 6.44041 38.1044
      vertex -50 32 7
      vertex -50 6.55675 38.187
    endloop
  endfacet
  facet normal 1 -0 0
    outer loop
      vertex -50 5.81093 37.6903
      vertex -50 32 7
      vertex -50 6.44041 38.1044
    endloop
  endfacet
  facet normal 1 -0 0
    outer loop
      vertex -50 5.68582 37.6144
      vertex -50 32 7
      vertex -50 5.81093 37.6903
    endloop
  endfacet
  facet normal 1 -0 0
    outer loop
      vertex -50 5.04033 37.2544
      vertex -50 32 7
      vertex -50 5.68582 37.6144
    endloop
  endfacet
  facet normal 1 -0 0
    outer loop
      vertex -50 4.90694 37.1865
      vertex -50 32 7
      vertex -50 5.04033 37.2544
    endloop
  endfacet
  facet normal 1 -0 0
    outer loop
      vertex -50 4.24808 36.8813
      vertex -50 32 7
      vertex -50 4.90694 37.1865
    endloop
  endfacet
  facet normal 1 -0 0
    outer loop
      vertex -50 4.10692 36.8223
      vertex -50 32 7
      vertex -50 4.24808 36.8813
    endloop
  endfacet
  facet normal 1 -0 0
    outer loop
      vertex -50 3.43765 36.5724
      vertex -50 32 7
      vertex -50 4.10692 36.8223
    endloop
  endfacet
  facet normal 1 -0 0
    outer loop
      vertex -50 3.28976 36.5237
      vertex -50 32 7
      vertex -50 3.43765 36.5724
    endloop
  endfacet
  facet normal 1 -0 0
    outer loop
      vertex -50 2.61215 36.3293
      vertex -50 32 7
      vertex -50 3.28976 36.5237
    endloop
  endfacet
  facet normal 1 -0 0
    outer loop
      vertex -50 2.45882 36.2917
      vertex -50 32 7
      vertex -50 2.61215 36.3293
    endloop
  endfacet
  facet normal 1 -0 0
    outer loop
      vertex -50 1.77518 36.1528
      vertex -50 32 7
      vertex -50 2.45882 36.2917
    endloop
  endfacet
  facet normal 1 -0 0
    outer loop
      vertex -50 1.61752 36.1273
      vertex -50 32 7
      vertex -50 1.77518 36.1528
    endloop
  endfacet
  facet normal 1 -0 0
    outer loop
      vertex -50 0.930008 36.0439
      vertex -50 32 7
      vertex -50 1.61752 36.1273
    endloop
  endfacet
  facet normal 1 -0 0
    outer loop
      vertex -50 0.769913 36.031
      vertex -50 32 7
      vertex -50 0.930008 36.0439
    endloop
  endfacet
  facet normal 1 0 0
    outer loop
      vertex -50 32 7
      vertex -50 0.769913 36.031
      vertex -50 32 6.5
    endloop
  endfacet
  facet normal 1 -0 0
    outer loop
      vertex -50 0.0805511 36.0033
      vertex -50 32 6.5
      vertex -50 0.769913 36.031
    endloop
  endfacet
  facet normal 1 -0 0
    outer loop
      vertex -50 -0.0805511 36.0033
      vertex -50 32 6.5
      vertex -50 0.0805511 36.0033
    endloop
  endfacet
  facet normal 1 0 0
    outer loop
      vertex -50 -32 6.5
      vertex -50 -0.0805511 36.0033
      vertex -50 -0.769913 36.031
    endloop
  endfacet
  facet normal 1 0 0
    outer loop
      vertex -50 -32 7
      vertex -50 -0.769913 36.031
      vertex -50 -0.930008 36.0439
    endloop
  endfacet
  facet normal 1 0 0
    outer loop
      vertex -50 -32 7
      vertex -50 -0.930008 36.0439
      vertex -50 -1.61752 36.1273
    endloop
  endfacet
  facet normal 1 0 0
    outer loop
      vertex -50 -32 7
      vertex -50 -1.61752 36.1273
      vertex -50 -1.77518 36.1528
    endloop
  endfacet
  facet normal 1 0 0
    outer loop
      vertex -50 -32 7
      vertex -50 -1.77518 36.1528
      vertex -50 -2.45882 36.2917
    endloop
  endfacet
  facet normal 1 0 0
    outer loop
      vertex -50 -32 7
      vertex -50 -2.45882 36.2917
      vertex -50 -2.61215 36.3293
    endloop
  endfacet
  facet normal 1 0 0
    outer loop
      vertex -50 -32 7
      vertex -50 -2.61215 36.3293
      vertex -50 -3.28976 36.5237
    endloop
  endfacet
  facet normal 1 0 0
    outer loop
      vertex -50 -32 7
      vertex -50 -3.28976 36.5237
      vertex -50 -3.43765 36.5724
    endloop
  endfacet
  facet normal 1 0 0
    outer loop
      vertex -50 -32 7
      vertex -50 -3.43765 36.5724
      vertex -50 -4.10692 36.8223
    endloop
  endfacet
  facet normal 1 0 0
    outer loop
      vertex -50 -32 7
      vertex -50 -4.10692 36.8223
      vertex -50 -4.24808 36.8813
    endloop
  endfacet
  facet normal 1 0 0
    outer loop
      vertex -50 -32 7
      vertex -50 -4.24808 36.8813
      vertex -50 -4.90694 37.1865
    endloop
  endfacet
  facet normal 1 0 0
    outer loop
      vertex -50 -32 7
      vertex -50 -4.90694 37.1865
      vertex -50 -5.04033 37.2544
    endloop
  endfacet
  facet normal 1 0 0
    outer loop
      vertex -50 -32 7
      vertex -50 -5.04033 37.2544
      vertex -50 -5.68582 37.6144
    endloop
  endfacet
  facet normal 1 0 0
    outer loop
      vertex -50 -32 7
      vertex -50 -5.68582 37.6144
      vertex -50 -5.81093 37.6903
    endloop
  endfacet
  facet normal 1 0 0
    outer loop
      vertex -50 -32 7
      vertex -50 -5.81093 37.6903
      vertex -50 -6.44041 38.1044
    endloop
  endfacet
  facet normal 1 0 0
    outer loop
      vertex -50 -32 7
      vertex -50 -6.44041 38.1044
      vertex -50 -6.55675 38.187
    endloop
  endfacet
  facet normal 1 0 0
    outer loop
      vertex -50 -32 7
      vertex -50 -6.55675 38.187
      vertex -50 -7.16702 38.6541
    endloop
  endfacet
  facet normal 1 0 0
    outer loop
      vertex -50 -12.3233 57.0895
      vertex -50 -16.0804 58.4833
      vertex -50 -12.544 56.1938
    endloop
  endfacet
  facet normal 1 0 0
    outer loop
      vertex -50 -12.544 56.1938
      vertex -50 -16.0804 58.4833
      vertex -50 -12.5672 56.0875
    endloop
  endfacet
  facet normal 1 0 0
    outer loop
      vertex -50 -12.5672 56.0875
      vertex -50 -16.0804 58.4833
      vertex -50 -12.7402 55.1744
    endloop
  endfacet
  facet normal 1 0 0
    outer loop
      vertex -50 -12.7402 55.1744
      vertex -50 -16.0804 58.4833
      vertex -50 -12.7574 55.068
    endloop
  endfacet
  facet normal 1 0 0
    outer loop
      vertex -50 -12.7574 55.068
      vertex -50 -16.0804 58.4833
      vertex -50 -12.8817 54.1414
    endloop
  endfacet
  facet normal 1 0 0
    outer loop
      vertex -50 -12.8817 54.1414
      vertex -50 -16.0804 58.4833
      vertex -50 -12.8931 54.035
    endloop
  endfacet
  facet normal 1 0 0
    outer loop
      vertex -50 -12.8931 54.035
      vertex -50 -16.0804 58.4833
      vertex -50 -12.9679 53.0998
    endloop
  endfacet
  facet normal 1 0 0
    outer loop
      vertex -50 -12.9679 53.0998
      vertex -50 -16.0804 58.4833
      vertex -50 -12.9736 52.9935
    endloop
  endfacet
  facet normal 1 0 0
    outer loop
      vertex -50 -12.9736 52.9935
      vertex -50 -16.0804 58.4833
      vertex -50 -12.9986 52.0532
    endloop
  endfacet
  facet normal 1 0 0
    outer loop
      vertex -50 -12.9986 52.0532
      vertex -50 -16.0804 58.4833
      vertex -50 -12.9986 51.9468
    endloop
  endfacet
  facet normal 1 0 0
    outer loop
      vertex -50 -12.9986 51.9468
      vertex -50 -16.0804 58.4833
      vertex -50 -12.9736 51.0065
    endloop
  endfacet
  facet normal 1 0 0
    outer loop
      vertex -50 -12.9736 51.0065
      vertex -50 -16.0804 58.4833
      vertex -50 -12.9679 50.9002
    endloop
  endfacet
  facet normal 1 0 0
    outer loop
      vertex -50 -12.9679 50.9002
      vertex -50 -16.0804 58.4833
      vertex -50 -12.8931 49.965
    endloop
  endfacet
  facet normal 1 0 0
    outer loop
      vertex -50 -12.8931 49.965
      vertex -50 -16.0804 58.4833
      vertex -50 -12.8817 49.8586
    endloop
  endfacet
  facet normal 1 0 0
    outer loop
      vertex -50 -12.8817 49.8586
      vertex -50 -16.0804 58.4833
      vertex -50 -12.7574 48.932
    endloop
  endfacet
  facet normal 1 0 0
    outer loop
      vertex -50 -12.7574 48.932
      vertex -50 -16.0804 58.4833
      vertex -50 -12.7402 48.8256
    endloop
  endfacet
  facet normal 1 0 0
    outer loop
      vertex -50 -12.7402 48.8256
      vertex -50 -16.0804 58.4833
      vertex -50 -12.5672 47.9125
    endloop
  endfacet
  facet normal 1 0 0
    outer loop
      vertex -50 -32 7
      vertex -50 -12.5672 47.9125
      vertex -50 -16.0804 58.4833
    endloop
  endfacet
  facet normal 1 0 0
    outer loop
      vertex -50 -12.5672 47.9125
      vertex -50 -32 7
      vertex -50 -12.544 47.8062
    endloop
  endfacet
  facet normal 1 0 0
    outer loop
      vertex -50 -12.544 47.8062
      vertex -50 -32 7
      vertex -50 -12.3233 46.9105
    endloop
  endfacet
  facet normal 1 0 0
    outer loop
      vertex -50 -12.3233 46.9105
      vertex -50 -32 7
      vertex -50 -12.294 46.8042
    endloop
  endfacet
  facet normal 1 0 0
    outer loop
      vertex -50 -12.294 46.8042
      vertex -50 -32 7
      vertex -50 -12.0268 45.9307
    endloop
  endfacet
  facet normal 1 0 0
    outer loop
      vertex -50 -32 7
      vertex -50 -11.9911 45.8246
      vertex -50 -12.0268 45.9307
    endloop
  endfacet
  facet normal 1 0 0
    outer loop
      vertex -50 -32 7
      vertex -50 -11.679 44.9768
      vertex -50 -11.9911 45.8246
    endloop
  endfacet
  facet normal 1 0 0
    outer loop
      vertex -50 -32 7
      vertex -50 -11.6366 44.8711
      vertex -50 -11.679 44.9768
    endloop
  endfacet
  facet normal 1 0 0
    outer loop
      vertex -50 -32 7
      vertex -50 -11.2814 44.0533
      vertex -50 -11.6366 44.8711
    endloop
  endfacet
  facet normal 1 0 0
    outer loop
      vertex -50 -32 7
      vertex -50 -11.2321 43.948
      vertex -50 -11.2814 44.0533
    endloop
  endfacet
  facet normal 1 0 0
    outer loop
      vertex -50 -32 7
      vertex -50 -10.8359 43.1638
      vertex -50 -11.2321 43.948
    endloop
  endfacet
  facet normal 1 0 0
    outer loop
      vertex -50 -32 7
      vertex -50 -10.7792 43.0594
      vertex -50 -10.8359 43.1638
    endloop
  endfacet
  facet normal 1 0 0
    outer loop
      vertex -50 -32 7
      vertex -50 -10.3443 42.3125
      vertex -50 -10.7792 43.0594
    endloop
  endfacet
  facet normal 1 0 0
    outer loop
      vertex -50 -32 7
      vertex -50 -10.2799 42.2092
      vertex -50 -10.3443 42.3125
    endloop
  endfacet
  facet normal 1 0 0
    outer loop
      vertex -50 -32 7
      vertex -50 -9.80861 41.5025
      vertex -50 -10.2799 42.2092
    endloop
  endfacet
  facet normal 1 0 0
    outer loop
      vertex -50 -32 7
      vertex -50 -9.73618 41.4009
      vertex -50 -9.80861 41.5025
    endloop
  endfacet
  facet normal 1 0 0
    outer loop
      vertex -50 -32 7
      vertex -50 -9.23117 40.7373
      vertex -50 -9.73618 41.4009
    endloop
  endfacet
  facet normal 1 0 0
    outer loop
      vertex -50 -32 7
      vertex -50 -9.15034 40.6378
      vertex -50 -9.23117 40.7373
    endloop
  endfacet
  facet normal 1 0 0
    outer loop
      vertex -50 -32 7
      vertex -50 -8.61456 40.0202
      vertex -50 -9.15034 40.6378
    endloop
  endfacet
  facet normal 1 0 0
    outer loop
      vertex -50 -32 7
      vertex -50 -8.5251 39.9237
      vertex -50 -8.61456 40.0202
    endloop
  endfacet
  facet normal 1 0 0
    outer loop
      vertex -50 -32 7
      vertex -50 -7.96164 39.3546
      vertex -50 -8.5251 39.9237
    endloop
  endfacet
  facet normal 1 0 0
    outer loop
      vertex -50 -32 7
      vertex -50 -7.8633 39.2617
      vertex -50 -7.96164 39.3546
    endloop
  endfacet
  facet normal 1 0 0
    outer loop
      vertex -50 -32 7
      vertex -50 -7.27444 38.7424
      vertex -50 -7.8633 39.2617
    endloop
  endfacet
  facet normal 1 0 0
    outer loop
      vertex -50 -32 7
      vertex -50 -7.16702 38.6541
      vertex -50 -7.27444 38.7424
    endloop
  endfacet
  facet normal 1 0 0
    outer loop
      vertex -50 -0.769913 36.031
      vertex -50 -32 7
      vertex -50 -32 6.5
    endloop
  endfacet
  facet normal 1 0 0
    outer loop
      vertex -50 -0.0805511 36.0033
      vertex -50 -32 6.5
      vertex -50 32 6.5
    endloop
  endfacet
  facet normal 1 -0 0
    outer loop
      vertex -50 -32 0.5
      vertex -50 32 0
      vertex -50 32 0.5
    endloop
  endfacet
  facet normal 1 0 0
    outer loop
      vertex -50 32 0
      vertex -50 -32 0.5
      vertex -50 -32 0
    endloop
  endfacet
  facet normal 0 -0.897583 0.440845
    outer loop
      vertex -56 -14.7472 61.9456
      vertex -50 -14.6945 62.0529
      vertex -56 -14.6945 62.0529
    endloop
  endfacet
  facet normal 0 -0.897583 0.440845
    outer loop
      vertex -50 -14.6945 62.0529
      vertex -56 -14.7472 61.9456
      vertex -50 -14.7472 61.9456
    endloop
  endfacet
  facet normal 0 -0.782331 0.622864
    outer loop
      vertex -56 -12.7419 65.2364
      vertex -50 -12.0611 66.0915
      vertex -56 -12.0611 66.0915
    endloop
  endfacet
  facet normal 0 -0.782331 0.622864
    outer loop
      vertex -50 -12.0611 66.0915
      vertex -56 -12.7419 65.2364
      vertex -50 -12.7419 65.2364
    endloop
  endfacet
  facet normal 0 -0.602751 0.797929
    outer loop
      vertex -56 -10.2278 67.9032
      vertex -50 -10.6125 67.6126
      vertex -50 -10.2278 67.9032
    endloop
  endfacet
  facet normal 0 -0.602751 0.797929
    outer loop
      vertex -50 -10.6125 67.6126
      vertex -56 -10.2278 67.9032
      vertex -56 -10.6125 67.6126
    endloop
  endfacet
  facet normal 0 -0.694613 0.719383
    outer loop
      vertex -56 -10.6125 67.6126
      vertex -50 -11.1614 67.0826
      vertex -50 -10.6125 67.6126
    endloop
  endfacet
  facet normal 0 -0.694613 0.719383
    outer loop
      vertex -50 -11.1614 67.0826
      vertex -56 -10.6125 67.6126
      vertex -56 -11.1614 67.0826
    endloop
  endfacet
  facet normal -1 0 0
    outer loop
      vertex -56 -32 7
      vertex -56 32 7
      vertex -56 32 0
    endloop
  endfacet
  facet normal -1 0 0
    outer loop
      vertex -56 32 7
      vertex -56 -32 7
      vertex -56 16.0804 58.4833
    endloop
  endfacet
  facet normal -1 0 -0
    outer loop
      vertex -56 -16.0804 58.4833
      vertex -56 16.0804 58.4833
      vertex -56 -32 7
    endloop
  endfacet
  facet normal -1 0 0
    outer loop
      vertex -56 16.0804 58.4833
      vertex -56 -16.0804 58.4833
      vertex -56 15.7236 59.5985
    endloop
  endfacet
  facet normal -1 0 -0
    outer loop
      vertex -56 -15.6851 59.7079
      vertex -56 15.6851 59.7079
      vertex -56 -16.0804 58.4833
    endloop
  endfacet
  facet normal -1 0 0
    outer loop
      vertex -56 15.6851 59.7079
      vertex -56 -15.6851 59.7079
      vertex -56 15.268 60.7909
    endloop
  endfacet
  facet normal -1 -0 0
    outer loop
      vertex -56 15.268 60.7909
      vertex -56 -15.6851 59.7079
      vertex -56 15.2225 60.8994
    endloop
  endfacet
  facet normal -1 -0 0
    outer loop
      vertex -56 15.2225 60.8994
      vertex -56 -15.6851 59.7079
      vertex -56 14.7472 61.9456
    endloop
  endfacet
  facet normal -1 0 -0
    outer loop
      vertex -56 9.22333 68.1738
      vertex -56 14.7472 61.9456
      vertex -56 -15.6851 59.7079
    endloop
  endfacet
  facet normal -1 0 0
    outer loop
      vertex -56 14.7472 61.9456
      vertex -56 9.22333 68.1738
      vertex -56 14.6945 62.0529
    endloop
  endfacet
  facet normal -1 0 0
    outer loop
      vertex -56 14.6945 62.0529
      vertex -56 9.22333 68.1738
      vertex -56 14.1635 63.0575
    endloop
  endfacet
  facet normal -1 0 0
    outer loop
      vertex -56 14.1635 63.0575
      vertex -56 9.22333 68.1738
      vertex -56 14.1034 63.1633
    endloop
  endfacet
  facet normal -1 0 0
    outer loop
      vertex -56 14.1034 63.1633
      vertex -56 9.22333 68.1738
      vertex -56 13.5192 64.1223
    endloop
  endfacet
  facet normal -1 0 0
    outer loop
      vertex -56 13.4515 64.2262
      vertex -56 9.22333 68.1738
      vertex -56 12.8175 65.135
    endloop
  endfacet
  facet normal -1 0 0
    outer loop
      vertex -56 12.8175 65.135
      vertex -56 9.22333 68.1738
      vertex -56 12.7419 65.2364
    endloop
  endfacet
  facet normal -1 0 0
    outer loop
      vertex -56 12.7419 65.2364
      vertex -56 9.22333 68.1738
      vertex -56 12.0611 66.0915
    endloop
  endfacet
  facet normal -1 0 0
    outer loop
      vertex -56 12.0611 66.0915
      vertex -56 9.22333 68.1738
      vertex -56 11.9774 66.19
    endloop
  endfacet
  facet normal -1 0 0
    outer loop
      vertex -56 11.9774 66.19
      vertex -56 9.22333 68.1738
      vertex -56 11.2532 66.9879
    endloop
  endfacet
  facet normal -1 0 0
    outer loop
      vertex -56 11.2532 66.9879
      vertex -56 9.22333 68.1738
      vertex -56 11.1614 67.0826
    endloop
  endfacet
  facet normal -1 0 0
    outer loop
      vertex -56 11.1614 67.0826
      vertex -56 9.22333 68.1738
      vertex -56 10.6125 67.6126
    endloop
  endfacet
  facet normal -1 0 0
    outer loop
      vertex -56 10.6125 67.6126
      vertex -56 9.22333 68.1738
      vertex -56 10.1528 67.9447
    endloop
  endfacet
  facet normal -1 0 0
    outer loop
      vertex -56 10.1528 67.9447
      vertex -56 9.22333 68.1738
      vertex -56 9.70197 68.1157
    endloop
  endfacet
  facet normal -1 0 0
    outer loop
      vertex -56 13.5192 64.1223
      vertex -56 9.22333 68.1738
      vertex -56 13.4515 64.2262
    endloop
  endfacet
  facet normal -1 -0 0
    outer loop
      vertex -56 9.22333 68.1738
      vertex -56 -15.6851 59.7079
      vertex -56 -9.22333 68.1738
    endloop
  endfacet
  facet normal -1 0 -0
    outer loop
      vertex -56 -14.7472 61.9456
      vertex -56 -9.22333 68.1738
      vertex -56 -15.2225 60.8994
    endloop
  endfacet
  facet normal -1 0 -0
    outer loop
      vertex -56 -13.4515 64.2262
      vertex -56 -9.22333 68.1738
      vertex -56 -13.5192 64.1223
    endloop
  endfacet
  facet normal -1 0 0
    outer loop
      vertex -56 -9.78476 68.0934
      vertex -56 -10.6125 67.6126
      vertex -56 -10.2278 67.9032
    endloop
  endfacet
  facet normal -1 0 0
    outer loop
      vertex -56 -9.22333 68.1738
      vertex -56 -10.6125 67.6126
      vertex -56 -9.78476 68.0934
    endloop
  endfacet
  facet normal -1 0 -0
    outer loop
      vertex -56 -10.6125 67.6126
      vertex -56 -9.22333 68.1738
      vertex -56 -11.1614 67.0826
    endloop
  endfacet
  facet normal -1 0 -0
    outer loop
      vertex -56 -11.1614 67.0826
      vertex -56 -9.22333 68.1738
      vertex -56 -11.2532 66.9879
    endloop
  endfacet
  facet normal -1 0 -0
    outer loop
      vertex -56 -11.2532 66.9879
      vertex -56 -9.22333 68.1738
      vertex -56 -11.9774 66.19
    endloop
  endfacet
  facet normal -1 0 -0
    outer loop
      vertex -56 -11.9774 66.19
      vertex -56 -9.22333 68.1738
      vertex -56 -12.0611 66.0915
    endloop
  endfacet
  facet normal -1 0 -0
    outer loop
      vertex -56 -12.0611 66.0915
      vertex -56 -9.22333 68.1738
      vertex -56 -12.7419 65.2364
    endloop
  endfacet
  facet normal -1 0 -0
    outer loop
      vertex -56 -12.7419 65.2364
      vertex -56 -9.22333 68.1738
      vertex -56 -12.8175 65.135
    endloop
  endfacet
  facet normal -1 0 -0
    outer loop
      vertex -56 -12.8175 65.135
      vertex -56 -9.22333 68.1738
      vertex -56 -13.4515 64.2262
    endloop
  endfacet
  facet normal -1 0 -0
    outer loop
      vertex -56 -13.5192 64.1223
      vertex -56 -9.22333 68.1738
      vertex -56 -14.1034 63.1633
    endloop
  endfacet
  facet normal -1 0 -0
    outer loop
      vertex -56 -14.1034 63.1633
      vertex -56 -9.22333 68.1738
      vertex -56 -14.1635 63.0575
    endloop
  endfacet
  facet normal -1 0 -0
    outer loop
      vertex -56 -14.1635 63.0575
      vertex -56 -9.22333 68.1738
      vertex -56 -14.6945 62.0529
    endloop
  endfacet
  facet normal -1 0 -0
    outer loop
      vertex -56 -14.6945 62.0529
      vertex -56 -9.22333 68.1738
      vertex -56 -14.7472 61.9456
    endloop
  endfacet
  facet normal -1 0 0
    outer loop
      vertex -56 -9.22333 68.1738
      vertex -56 -15.268 60.7909
      vertex -56 -15.2225 60.8994
    endloop
  endfacet
  facet normal -1 0 0
    outer loop
      vertex -56 -9.22333 68.1738
      vertex -56 -15.6851 59.7079
      vertex -56 -15.268 60.7909
    endloop
  endfacet
  facet normal -1 0 0
    outer loop
      vertex -56 -15.6851 59.7079
      vertex -56 -16.0804 58.4833
      vertex -56 -15.7236 59.5985
    endloop
  endfacet
  facet normal -1 0 0
    outer loop
      vertex -56 -32 7
      vertex -56 32 0
      vertex -56 -32 0
    endloop
  endfacet
  facet normal -1 -0 0
    outer loop
      vertex -56 15.7236 59.5985
      vertex -56 -16.0804 58.4833
      vertex -56 15.6851 59.7079
    endloop
  endfacet
  facet normal 0 -0.75537 -0.655298
    outer loop
      vertex -50 -8.61456 40.0202
      vertex 50 -9.15034 40.6378
      vertex -50 -9.15034 40.6378
    endloop
  endfacet
  facet normal 0 -0.75537 -0.655298
    outer loop
      vertex 50 -9.15034 40.6378
      vertex -50 -8.61456 40.0202
      vertex 50 -8.61456 40.0202
    endloop
  endfacet
  facet normal 0 0.864169 0.503202
    outer loop
      vertex 50 10.7791 60.9406
      vertex -50 10.6107 61.2298
      vertex 50 10.6107 61.2298
    endloop
  endfacet
  facet normal 0 0.864169 0.503202
    outer loop
      vertex -50 10.6107 61.2298
      vertex 50 10.7791 60.9406
      vertex -50 10.7791 60.9406
    endloop
  endfacet
  facet normal -0 0.120501 0.992713
    outer loop
      vertex -50 9.36098 62.1654
      vertex 50 8.88234 62.2235
      vertex 50 9.36098 62.1654
    endloop
  endfacet
  facet normal 0 0.120501 0.992713
    outer loop
      vertex 50 8.88234 62.2235
      vertex -50 9.36098 62.1654
      vertex -50 8.88234 62.2235
    endloop
  endfacet
  facet normal 0 -0.629619 0.776904
    outer loop
      vertex -50 -9.94508 61.9178
      vertex 50 -10.3197 61.6142
      vertex 50 -9.94508 61.9178
    endloop
  endfacet
  facet normal 0 -0.629619 0.776904
    outer loop
      vertex 50 -10.3197 61.6142
      vertex -50 -9.94508 61.9178
      vertex -50 -10.3197 61.6142
    endloop
  endfacet
  facet normal 0 -0.425395 0.905008
    outer loop
      vertex -50 -9.50874 62.1229
      vertex 50 -9.94508 61.9178
      vertex 50 -9.50874 62.1229
    endloop
  endfacet
  facet normal 0 -0.425395 0.905008
    outer loop
      vertex 50 -9.94508 61.9178
      vertex -50 -9.50874 62.1229
      vertex -50 -9.94508 61.9178
    endloop
  endfacet
  facet normal 0 -0.998565 -0.0535449
    outer loop
      vertex -50 -12.9679 50.9002
      vertex 50 -12.9736 51.0065
      vertex -50 -12.9736 51.0065
    endloop
  endfacet
  facet normal 0 -0.998565 -0.0535449
    outer loop
      vertex 50 -12.9736 51.0065
      vertex -50 -12.9679 50.9002
      vertex 50 -12.9679 50.9002
    endloop
  endfacet
  facet normal 0 0.453643 -0.891184
    outer loop
      vertex -50 4.90694 37.1865
      vertex 50 5.04033 37.2544
      vertex 50 4.90694 37.1865
    endloop
  endfacet
  facet normal 0 0.453643 -0.891184
    outer loop
      vertex 50 5.04033 37.2544
      vertex -50 4.90694 37.1865
      vertex -50 5.04033 37.2544
    endloop
  endfacet
  facet normal 0 0.0803168 -0.996769
    outer loop
      vertex -50 0.769913 36.031
      vertex 50 0.930008 36.0439
      vertex 50 0.769913 36.031
    endloop
  endfacet
  facet normal 0 0.0803168 -0.996769
    outer loop
      vertex 50 0.930008 36.0439
      vertex -50 0.769913 36.031
      vertex -50 0.930008 36.0439
    endloop
  endfacet
  facet normal 0 -0.797304 0.603578
    outer loop
      vertex -50 -10.6107 61.2298
      vertex 50 -10.3197 61.6142
      vertex -50 -10.3197 61.6142
    endloop
  endfacet
  facet normal 0 -0.797304 0.603578
    outer loop
      vertex 50 -10.3197 61.6142
      vertex -50 -10.6107 61.2298
      vertex 50 -10.6107 61.2298
    endloop
  endfacet
  facet normal 0 0.91722 -0.398382
    outer loop
      vertex 50 11.2814 44.0533
      vertex -50 11.6366 44.8711
      vertex 50 11.6366 44.8711
    endloop
  endfacet
  facet normal 0 0.91722 -0.398382
    outer loop
      vertex -50 11.6366 44.8711
      vertex 50 11.2814 44.0533
      vertex -50 11.2814 44.0533
    endloop
  endfacet
  facet normal 0 0.686715 -0.726927
    outer loop
      vertex -50 7.8633 39.2617
      vertex 50 7.96164 39.3546
      vertex 50 7.8633 39.2617
    endloop
  endfacet
  facet normal 0 0.686715 -0.726927
    outer loop
      vertex 50 7.96164 39.3546
      vertex -50 7.8633 39.2617
      vertex -50 7.96164 39.3546
    endloop
  endfacet
  facet normal 0 0.199109 -0.979977
    outer loop
      vertex -50 1.77518 36.1528
      vertex 50 2.45882 36.2917
      vertex 50 1.77518 36.1528
    endloop
  endfacet
  facet normal 0 0.199109 -0.979977
    outer loop
      vertex 50 2.45882 36.2917
      vertex -50 1.77518 36.1528
      vertex -50 2.45882 36.2917
    endloop
  endfacet
  facet normal 0 -0.158568 0.987348
    outer loop
      vertex -50 -8.88234 62.2235
      vertex 50 -9.50874 62.1229
      vertex 50 -8.88234 62.2235
    endloop
  endfacet
  facet normal 0 -0.158568 0.987348
    outer loop
      vertex 50 -9.50874 62.1229
      vertex -50 -8.88234 62.2235
      vertex -50 -9.50874 62.1229
    endloop
  endfacet
  facet normal 0 0.275766 -0.961225
    outer loop
      vertex -50 2.61215 36.3293
      vertex 50 3.28976 36.5237
      vertex 50 2.61215 36.3293
    endloop
  endfacet
  facet normal 0 0.275766 -0.961225
    outer loop
      vertex 50 3.28976 36.5237
      vertex -50 2.61215 36.3293
      vertex -50 3.28976 36.5237
    endloop
  endfacet
  facet normal 0 0.982521 0.186153
    outer loop
      vertex 50 12.7402 55.1744
      vertex -50 12.5672 56.0875
      vertex 50 12.5672 56.0875
    endloop
  endfacet
  facet normal 0 0.982521 0.186153
    outer loop
      vertex -50 12.5672 56.0875
      vertex 50 12.7402 55.1744
      vertex -50 12.7402 55.1744
    endloop
  endfacet
  facet normal 0 -0.661419 -0.750016
    outer loop
      vertex -50 -7.8633 39.2617
      vertex 50 -7.27444 38.7424
      vertex 50 -7.8633 39.2617
    endloop
  endfacet
  facet normal -0 -0.661419 -0.750016
    outer loop
      vertex 50 -7.27444 38.7424
      vertex -50 -7.8633 39.2617
      vertex -50 -7.27444 38.7424
    endloop
  endfacet
  facet normal 0 0.97096 0.239244
    outer loop
      vertex 50 12.544 56.1938
      vertex -50 12.3233 57.0895
      vertex 50 12.3233 57.0895
    endloop
  endfacet
  facet normal 0 0.97096 0.239244
    outer loop
      vertex -50 12.3233 57.0895
      vertex 50 12.544 56.1938
      vertex -50 12.544 56.1938
    endloop
  endfacet
  facet normal -0 0 1
    outer loop
      vertex -50 8.88234 62.2235
      vertex 50 -8.88234 62.2235
      vertex 50 8.88234 62.2235
    endloop
  endfacet
  facet normal 0 0 1
    outer loop
      vertex 50 -8.88234 62.2235
      vertex -50 8.88234 62.2235
      vertex -50 -8.88234 62.2235
    endloop
  endfacet
  facet normal 0 -0.999647 -0.0265779
    outer loop
      vertex -50 -12.9736 51.0065
      vertex 50 -12.9986 51.9468
      vertex -50 -12.9986 51.9468
    endloop
  endfacet
  facet normal 0 -0.999647 -0.0265779
    outer loop
      vertex 50 -12.9986 51.9468
      vertex -50 -12.9736 51.0065
      vertex 50 -12.9736 51.0065
    endloop
  endfacet
  facet normal 0 -0.776166 -0.630528
    outer loop
      vertex -50 -9.15034 40.6378
      vertex 50 -9.23117 40.7373
      vertex -50 -9.23117 40.7373
    endloop
  endfacet
  facet normal 0 -0.776166 -0.630528
    outer loop
      vertex 50 -9.23117 40.7373
      vertex -50 -9.15034 40.6378
      vertex 50 -9.15034 40.6378
    endloop
  endfacet
  facet normal 0 -0.864169 0.503202
    outer loop
      vertex -50 -10.7791 60.9406
      vertex 50 -10.6107 61.2298
      vertex -50 -10.6107 61.2298
    endloop
  endfacet
  facet normal 0 -0.864169 0.503202
    outer loop
      vertex 50 -10.6107 61.2298
      vertex -50 -10.7791 60.9406
      vertex 50 -10.7791 60.9406
    endloop
  endfacet
  facet normal 0 0.814269 -0.580487
    outer loop
      vertex 50 9.73618 41.4009
      vertex -50 9.80861 41.5025
      vertex 50 9.80861 41.5025
    endloop
  endfacet
  facet normal 0 0.814269 -0.580487
    outer loop
      vertex -50 9.80861 41.5025
      vertex 50 9.73618 41.4009
      vertex -50 9.73618 41.4009
    endloop
  endfacet
  facet normal 0 -0.947786 -0.318906
    outer loop
      vertex -50 -11.9911 45.8246
      vertex 50 -12.0268 45.9307
      vertex -50 -12.0268 45.9307
    endloop
  endfacet
  facet normal 0 -0.947786 -0.318906
    outer loop
      vertex 50 -12.0268 45.9307
      vertex -50 -11.9911 45.8246
      vertex 50 -11.9911 45.8246
    endloop
  endfacet
  facet normal -0 0.567917 0.823086
    outer loop
      vertex -50 10.2086 61.7206
      vertex 50 9.81178 61.9944
      vertex 50 10.2086 61.7206
    endloop
  endfacet
  facet normal 0 0.567917 0.823086
    outer loop
      vertex 50 9.81178 61.9944
      vertex -50 10.2086 61.7206
      vertex -50 9.81178 61.9944
    endloop
  endfacet
  facet normal 0 0.578915 -0.815388
    outer loop
      vertex -50 6.44041 38.1044
      vertex 50 6.55675 38.187
      vertex 50 6.44041 38.1044
    endloop
  endfacet
  facet normal 0 0.578915 -0.815388
    outer loop
      vertex 50 6.55675 38.187
      vertex -50 6.44041 38.1044
      vertex -50 6.55675 38.187
    endloop
  endfacet
  facet normal 0 -0.938432 0.345464
    outer loop
      vertex -50 -11.9911 58.1754
      vertex 50 -11.679 59.0232
      vertex -50 -11.679 59.0232
    endloop
  endfacet
  facet normal 0 -0.938432 0.345464
    outer loop
      vertex 50 -11.679 59.0232
      vertex -50 -11.9911 58.1754
      vertex 50 -11.9911 58.1754
    endloop
  endfacet
  facet normal 0 0.964049 0.265726
    outer loop
      vertex 50 12.3233 57.0895
      vertex -50 12.294 57.1958
      vertex 50 12.294 57.1958
    endloop
  endfacet
  facet normal 0 0.964049 0.265726
    outer loop
      vertex -50 12.294 57.1958
      vertex 50 12.3233 57.0895
      vertex -50 12.3233 57.0895
    endloop
  endfacet
  facet normal -0 0.354667 0.934993
    outer loop
      vertex -50 9.81178 61.9944
      vertex 50 9.36098 62.1654
      vertex 50 9.81178 61.9944
    endloop
  endfacet
  facet normal 0 0.354667 0.934993
    outer loop
      vertex 50 9.36098 62.1654
      vertex -50 9.81178 61.9944
      vertex -50 9.36098 62.1654
    endloop
  endfacet
  facet normal 0 0.159666 -0.987171
    outer loop
      vertex -50 1.61752 36.1273
      vertex 50 1.77518 36.1528
      vertex 50 1.61752 36.1273
    endloop
  endfacet
  facet normal 0 0.159666 -0.987171
    outer loop
      vertex 50 1.77518 36.1528
      vertex -50 1.61752 36.1273
      vertex -50 1.77518 36.1528
    endloop
  endfacet
  facet normal 0 -0.892553 0.450943
    outer loop
      vertex -50 -11.2321 60.052
      vertex 50 -10.8359 60.8362
      vertex -50 -10.8359 60.8362
    endloop
  endfacet
  facet normal 0 -0.892553 0.450943
    outer loop
      vertex 50 -10.8359 60.8362
      vertex -50 -11.2321 60.052
      vertex 50 -11.2321 60.052
    endloop
  endfacet
  facet normal 0 -0.982521 -0.186153
    outer loop
      vertex -50 -12.5672 47.9125
      vertex 50 -12.7402 48.8256
      vertex -50 -12.7402 48.8256
    endloop
  endfacet
  facet normal 0 -0.982521 -0.186153
    outer loop
      vertex 50 -12.7402 48.8256
      vertex -50 -12.5672 47.9125
      vertex 50 -12.5672 47.9125
    endloop
  endfacet
  facet normal 0 0.892553 0.450943
    outer loop
      vertex 50 11.2321 60.052
      vertex -50 10.8359 60.8362
      vertex 50 10.8359 60.8362
    endloop
  endfacet
  facet normal 0 0.892553 0.450943
    outer loop
      vertex -50 10.8359 60.8362
      vertex 50 11.2321 60.052
      vertex -50 11.2321 60.052
    endloop
  endfacet
  facet normal 0 -0.87841 0.477909
    outer loop
      vertex -50 -10.8359 60.8362
      vertex 50 -10.7791 60.9406
      vertex -50 -10.7791 60.9406
    endloop
  endfacet
  facet normal 0 -0.87841 0.477909
    outer loop
      vertex 50 -10.7791 60.9406
      vertex -50 -10.8359 60.8362
      vertex 50 -10.8359 60.8362
    endloop
  endfacet
  facet normal 0 -0.999647 0.0265779
    outer loop
      vertex -50 -12.9986 52.0532
      vertex 50 -12.9736 52.9935
      vertex -50 -12.9736 52.9935
    endloop
  endfacet
  facet normal 0 -0.999647 0.0265779
    outer loop
      vertex 50 -12.9736 52.9935
      vertex -50 -12.9986 52.0532
      vertex 50 -12.9986 52.0532
    endloop
  endfacet
  facet normal 0 0.905655 0.424015
    outer loop
      vertex 50 11.2814 59.9467
      vertex -50 11.2321 60.052
      vertex 50 11.2321 60.052
    endloop
  endfacet
  facet normal 0 0.905655 0.424015
    outer loop
      vertex -50 11.2321 60.052
      vertex 50 11.2814 59.9467
      vertex -50 11.2814 59.9467
    endloop
  endfacet
  facet normal 0 0.982521 -0.186153
    outer loop
      vertex 50 12.5672 47.9125
      vertex -50 12.7402 48.8256
      vertex 50 12.7402 48.8256
    endloop
  endfacet
  facet normal 0 0.982521 -0.186153
    outer loop
      vertex -50 12.7402 48.8256
      vertex 50 12.5672 47.9125
      vertex -50 12.5672 47.9125
    endloop
  endfacet
  facet normal 0 0.312777 -0.949827
    outer loop
      vertex -50 3.28976 36.5237
      vertex 50 3.43765 36.5724
      vertex 50 3.28976 36.5237
    endloop
  endfacet
  facet normal 0 0.312777 -0.949827
    outer loop
      vertex 50 3.43765 36.5724
      vertex -50 3.28976 36.5237
      vertex -50 3.43765 36.5724
    endloop
  endfacet
  facet normal 0 -0.947786 0.318906
    outer loop
      vertex -50 -12.0268 58.0693
      vertex 50 -11.9911 58.1754
      vertex -50 -11.9911 58.1754
    endloop
  endfacet
  facet normal 0 -0.947786 0.318906
    outer loop
      vertex 50 -11.9911 58.1754
      vertex -50 -12.0268 58.0693
      vertex 50 -12.0268 58.0693
    endloop
  endfacet
  facet normal 0 0.994309 0.106533
    outer loop
      vertex 50 12.8931 54.035
      vertex -50 12.8817 54.1414
      vertex 50 12.8817 54.1414
    endloop
  endfacet
  facet normal 0 0.994309 0.106533
    outer loop
      vertex -50 12.8817 54.1414
      vertex 50 12.8931 54.035
      vertex -50 12.8931 54.035
    endloop
  endfacet
  facet normal 0 0.776166 -0.630528
    outer loop
      vertex 50 9.15034 40.6378
      vertex -50 9.23117 40.7373
      vertex 50 9.23117 40.7373
    endloop
  endfacet
  facet normal 0 0.776166 -0.630528
    outer loop
      vertex -50 9.23117 40.7373
      vertex 50 9.15034 40.6378
      vertex -50 9.15034 40.6378
    endloop
  endfacet
  facet normal 0 -0.987185 0.159582
    outer loop
      vertex -50 -12.7574 55.068
      vertex 50 -12.7402 55.1744
      vertex -50 -12.7402 55.1744
    endloop
  endfacet
  facet normal 0 -0.987185 0.159582
    outer loop
      vertex 50 -12.7402 55.1744
      vertex -50 -12.7574 55.068
      vertex 50 -12.7574 55.068
    endloop
  endfacet
  facet normal 0 0.956261 0.292516
    outer loop
      vertex 50 12.294 57.1958
      vertex -50 12.0268 58.0693
      vertex 50 12.0268 58.0693
    endloop
  endfacet
  facet normal 0 0.956261 0.292516
    outer loop
      vertex -50 12.0268 58.0693
      vertex 50 12.294 57.1958
      vertex -50 12.294 57.1958
    endloop
  endfacet
  facet normal 0 0.878763 -0.477259
    outer loop
      vertex 50 10.7792 43.0594
      vertex -50 10.8359 43.1638
      vertex 50 10.8359 43.1638
    endloop
  endfacet
  facet normal 0 0.878763 -0.477259
    outer loop
      vertex -50 10.8359 43.1638
      vertex 50 10.7792 43.0594
      vertex -50 10.7792 43.0594
    endloop
  endfacet
  facet normal 0 0.994309 -0.106533
    outer loop
      vertex 50 12.8817 49.8586
      vertex -50 12.8931 49.965
      vertex 50 12.8931 49.965
    endloop
  endfacet
  facet normal 0 0.994309 -0.106533
    outer loop
      vertex -50 12.8931 49.965
      vertex 50 12.8817 49.8586
      vertex -50 12.8817 49.8586
    endloop
  endfacet
  facet normal 0 -0.977002 -0.213231
    outer loop
      vertex -50 -12.544 47.8062
      vertex 50 -12.5672 47.9125
      vertex -50 -12.5672 47.9125
    endloop
  endfacet
  facet normal 0 -0.977002 -0.213231
    outer loop
      vertex 50 -12.5672 47.9125
      vertex -50 -12.544 47.8062
      vertex 50 -12.544 47.8062
    endloop
  endfacet
  facet normal 0 0.549587 -0.835436
    outer loop
      vertex -50 5.81093 37.6903
      vertex 50 6.44041 38.1044
      vertex 50 5.81093 37.6903
    endloop
  endfacet
  facet normal 0 0.549587 -0.835436
    outer loop
      vertex 50 6.44041 38.1044
      vertex -50 5.81093 37.6903
      vertex -50 6.44041 38.1044
    endloop
  endfacet
  facet normal 0 -0.905655 0.424015
    outer loop
      vertex -50 -11.2814 59.9467
      vertex 50 -11.2321 60.052
      vertex -50 -11.2321 60.052
    endloop
  endfacet
  facet normal 0 -0.905655 0.424015
    outer loop
      vertex 50 -11.2321 60.052
      vertex -50 -11.2814 59.9467
      vertex 50 -11.2814 59.9467
    endloop
  endfacet
  facet normal 0 0.831965 -0.554828
    outer loop
      vertex 50 9.80861 41.5025
      vertex -50 10.2799 42.2092
      vertex 50 10.2799 42.2092
    endloop
  endfacet
  facet normal 0 0.831965 -0.554828
    outer loop
      vertex -50 10.2799 42.2092
      vertex 50 9.80861 41.5025
      vertex -50 9.80861 41.5025
    endloop
  endfacet
  facet normal 0 -0.928113 0.372299
    outer loop
      vertex -50 -11.679 59.0232
      vertex 50 -11.6366 59.1289
      vertex -50 -11.6366 59.1289
    endloop
  endfacet
  facet normal 0 -0.928113 0.372299
    outer loop
      vertex 50 -11.6366 59.1289
      vertex -50 -11.679 59.0232
      vertex 50 -11.679 59.0232
    endloop
  endfacet
  facet normal 0 -0.91722 0.398382
    outer loop
      vertex -50 -11.6366 59.1289
      vertex 50 -11.2814 59.9467
      vertex -50 -11.2814 59.9467
    endloop
  endfacet
  facet normal 0 -0.91722 0.398382
    outer loop
      vertex 50 -11.2814 59.9467
      vertex -50 -11.6366 59.1289
      vertex 50 -11.6366 59.1289
    endloop
  endfacet
  facet normal 0 0.947786 -0.318906
    outer loop
      vertex 50 11.9911 45.8246
      vertex -50 12.0268 45.9307
      vertex 50 12.0268 45.9307
    endloop
  endfacet
  facet normal 0 0.947786 -0.318906
    outer loop
      vertex -50 12.0268 45.9307
      vertex 50 11.9911 45.8246
      vertex -50 11.9911 45.8246
    endloop
  endfacet
  facet normal 0 0.999647 0.0265779
    outer loop
      vertex 50 12.9986 52.0532
      vertex -50 12.9736 52.9935
      vertex 50 12.9736 52.9935
    endloop
  endfacet
  facet normal 0 0.999647 0.0265779
    outer loop
      vertex -50 12.9736 52.9935
      vertex 50 12.9986 52.0532
      vertex -50 12.9986 52.0532
    endloop
  endfacet
  facet normal 0 -0.848598 -0.529039
    outer loop
      vertex -50 -10.2799 42.2092
      vertex 50 -10.3443 42.3125
      vertex -50 -10.3443 42.3125
    endloop
  endfacet
  facet normal 0 -0.848598 -0.529039
    outer loop
      vertex 50 -10.3443 42.3125
      vertex -50 -10.2799 42.2092
      vertex 50 -10.2799 42.2092
    endloop
  endfacet
  facet normal 0 0.87841 0.477909
    outer loop
      vertex 50 10.8359 60.8362
      vertex -50 10.7791 60.9406
      vertex 50 10.7791 60.9406
    endloop
  endfacet
  facet normal 0 0.87841 0.477909
    outer loop
      vertex -50 10.7791 60.9406
      vertex 50 10.8359 60.8362
      vertex -50 10.8359 60.8362
    endloop
  endfacet
  facet normal 0 0.635006 -0.772507
    outer loop
      vertex -50 7.16702 38.6541
      vertex 50 7.27444 38.7424
      vertex 50 7.16702 38.6541
    endloop
  endfacet
  facet normal 0 0.635006 -0.772507
    outer loop
      vertex 50 7.27444 38.7424
      vertex -50 7.16702 38.6541
      vertex -50 7.27444 38.7424
    endloop
  endfacet
  facet normal 0 -0.878763 -0.477259
    outer loop
      vertex -50 -10.7792 43.0594
      vertex 50 -10.8359 43.1638
      vertex -50 -10.8359 43.1638
    endloop
  endfacet
  facet normal 0 -0.878763 -0.477259
    outer loop
      vertex 50 -10.8359 43.1638
      vertex -50 -10.7792 43.0594
      vertex 50 -10.7792 43.0594
    endloop
  endfacet
  facet normal 0 0.75537 -0.655298
    outer loop
      vertex 50 8.61456 40.0202
      vertex -50 9.15034 40.6378
      vertex 50 9.15034 40.6378
    endloop
  endfacet
  facet normal 0 0.75537 -0.655298
    outer loop
      vertex -50 9.15034 40.6378
      vertex 50 8.61456 40.0202
      vertex -50 8.61456 40.0202
    endloop
  endfacet
  facet normal 0 -0.159666 -0.987171
    outer loop
      vertex -50 -1.77518 36.1528
      vertex 50 -1.61752 36.1273
      vertex 50 -1.77518 36.1528
    endloop
  endfacet
  facet normal -0 -0.159666 -0.987171
    outer loop
      vertex 50 -1.61752 36.1273
      vertex -50 -1.77518 36.1528
      vertex -50 -1.61752 36.1273
    endloop
  endfacet
  facet normal 0 -0.991122 -0.132955
    outer loop
      vertex -50 -12.7574 48.932
      vertex 50 -12.8817 49.8586
      vertex -50 -12.8817 49.8586
    endloop
  endfacet
  facet normal 0 -0.991122 -0.132955
    outer loop
      vertex 50 -12.8817 49.8586
      vertex -50 -12.7574 48.932
      vertex 50 -12.7574 48.932
    endloop
  endfacet
  facet normal 0 0.996817 -0.0797283
    outer loop
      vertex 50 12.8931 49.965
      vertex -50 12.9679 50.9002
      vertex 50 12.9679 50.9002
    endloop
  endfacet
  facet normal 0 0.996817 -0.0797283
    outer loop
      vertex -50 12.9679 50.9002
      vertex 50 12.8931 49.965
      vertex -50 12.8931 49.965
    endloop
  endfacet
  facet normal 0 0.710619 -0.703577
    outer loop
      vertex 50 7.96164 39.3546
      vertex -50 8.5251 39.9237
      vertex 50 8.5251 39.9237
    endloop
  endfacet
  facet normal 0 0.710619 -0.703577
    outer loop
      vertex -50 8.5251 39.9237
      vertex 50 7.96164 39.3546
      vertex -50 7.96164 39.3546
    endloop
  endfacet
  facet normal 0 -0.0803168 -0.996769
    outer loop
      vertex -50 -0.930008 36.0439
      vertex 50 -0.769913 36.031
      vertex 50 -0.930008 36.0439
    endloop
  endfacet
  facet normal -0 -0.0803168 -0.996769
    outer loop
      vertex 50 -0.769913 36.031
      vertex -50 -0.930008 36.0439
      vertex -50 -0.769913 36.031
    endloop
  endfacet
  facet normal 0 -0.97096 0.239244
    outer loop
      vertex -50 -12.544 56.1938
      vertex 50 -12.3233 57.0895
      vertex -50 -12.3233 57.0895
    endloop
  endfacet
  facet normal 0 -0.97096 0.239244
    outer loop
      vertex 50 -12.3233 57.0895
      vertex -50 -12.544 56.1938
      vertex 50 -12.544 56.1938
    endloop
  endfacet
  facet normal 0 -0.964049 0.265726
    outer loop
      vertex -50 -12.3233 57.0895
      vertex 50 -12.294 57.1958
      vertex -50 -12.294 57.1958
    endloop
  endfacet
  facet normal 0 -0.964049 0.265726
    outer loop
      vertex 50 -12.294 57.1958
      vertex -50 -12.3233 57.0895
      vertex 50 -12.3233 57.0895
    endloop
  endfacet
  facet normal 0 -0.964049 -0.265726
    outer loop
      vertex -50 -12.294 46.8042
      vertex 50 -12.3233 46.9105
      vertex -50 -12.3233 46.9105
    endloop
  endfacet
  facet normal 0 -0.964049 -0.265726
    outer loop
      vertex 50 -12.3233 46.9105
      vertex -50 -12.294 46.8042
      vertex 50 -12.294 46.8042
    endloop
  endfacet
  facet normal 0 0.892553 -0.450943
    outer loop
      vertex 50 10.8359 43.1638
      vertex -50 11.2321 43.948
      vertex 50 11.2321 43.948
    endloop
  endfacet
  facet normal 0 0.892553 -0.450943
    outer loop
      vertex -50 11.2321 43.948
      vertex 50 10.8359 43.1638
      vertex -50 10.8359 43.1638
    endloop
  endfacet
  facet normal 0 0.51868 -0.854968
    outer loop
      vertex -50 5.68582 37.6144
      vertex 50 5.81093 37.6903
      vertex 50 5.68582 37.6144
    endloop
  endfacet
  facet normal 0 0.51868 -0.854968
    outer loop
      vertex 50 5.81093 37.6903
      vertex -50 5.68582 37.6144
      vertex -50 5.81093 37.6903
    endloop
  endfacet
  facet normal 0 -0.977002 0.213231
    outer loop
      vertex -50 -12.5672 56.0875
      vertex 50 -12.544 56.1938
      vertex -50 -12.544 56.1938
    endloop
  endfacet
  facet normal 0 -0.977002 0.213231
    outer loop
      vertex 50 -12.544 56.1938
      vertex -50 -12.5672 56.0875
      vertex 50 -12.5672 56.0875
    endloop
  endfacet
  facet normal 0 -0.994309 -0.106533
    outer loop
      vertex -50 -12.8817 49.8586
      vertex 50 -12.8931 49.965
      vertex -50 -12.8931 49.965
    endloop
  endfacet
  facet normal 0 -0.994309 -0.106533
    outer loop
      vertex 50 -12.8931 49.965
      vertex -50 -12.8817 49.8586
      vertex 50 -12.8817 49.8586
    endloop
  endfacet
  facet normal 0 -0.996817 0.0797283
    outer loop
      vertex -50 -12.9679 53.0998
      vertex 50 -12.8931 54.035
      vertex -50 -12.8931 54.035
    endloop
  endfacet
  facet normal 0 -0.996817 0.0797283
    outer loop
      vertex 50 -12.8931 54.035
      vertex -50 -12.9679 53.0998
      vertex 50 -12.9679 53.0998
    endloop
  endfacet
  facet normal 0 0.938432 0.345464
    outer loop
      vertex 50 11.9911 58.1754
      vertex -50 11.679 59.0232
      vertex 50 11.679 59.0232
    endloop
  endfacet
  facet normal 0 0.938432 0.345464
    outer loop
      vertex -50 11.679 59.0232
      vertex 50 11.9911 58.1754
      vertex -50 11.9911 58.1754
    endloop
  endfacet
  facet normal 0 0.733351 -0.67985
    outer loop
      vertex 50 8.5251 39.9237
      vertex -50 8.61456 40.0202
      vertex 50 8.61456 40.0202
    endloop
  endfacet
  facet normal 0 0.733351 -0.67985
    outer loop
      vertex -50 8.61456 40.0202
      vertex 50 8.5251 39.9237
      vertex -50 8.5251 39.9237
    endloop
  endfacet
  facet normal 0 0.773543 0.633744
    outer loop
      vertex 50 10.6107 61.2298
      vertex -50 10.2086 61.7206
      vertex 50 10.2086 61.7206
    endloop
  endfacet
  facet normal 0 0.773543 0.633744
    outer loop
      vertex -50 10.2086 61.7206
      vertex 50 10.6107 61.2298
      vertex -50 10.6107 61.2298
    endloop
  endfacet
  facet normal 0 -0.956261 0.292516
    outer loop
      vertex -50 -12.294 57.1958
      vertex 50 -12.0268 58.0693
      vertex -50 -12.0268 58.0693
    endloop
  endfacet
  facet normal 0 -0.956261 0.292516
    outer loop
      vertex 50 -12.0268 58.0693
      vertex -50 -12.294 57.1958
      vertex 50 -12.294 57.1958
    endloop
  endfacet
  facet normal 0 -0.710619 -0.703577
    outer loop
      vertex -50 -7.96164 39.3546
      vertex 50 -8.5251 39.9237
      vertex -50 -8.5251 39.9237
    endloop
  endfacet
  facet normal 0 -0.710619 -0.703577
    outer loop
      vertex 50 -8.5251 39.9237
      vertex -50 -7.96164 39.3546
      vertex 50 -7.96164 39.3546
    endloop
  endfacet
  facet normal 0 -0.0401497 -0.999194
    outer loop
      vertex -50 -0.769913 36.031
      vertex 50 -0.0805511 36.0033
      vertex 50 -0.769913 36.031
    endloop
  endfacet
  facet normal -0 -0.0401497 -0.999194
    outer loop
      vertex 50 -0.0805511 36.0033
      vertex -50 -0.769913 36.031
      vertex -50 -0.0805511 36.0033
    endloop
  endfacet
  facet normal 0 0.938432 -0.345464
    outer loop
      vertex 50 11.679 44.9768
      vertex -50 11.9911 45.8246
      vertex 50 11.9911 45.8246
    endloop
  endfacet
  facet normal 0 0.938432 -0.345464
    outer loop
      vertex -50 11.9911 45.8246
      vertex 50 11.679 44.9768
      vertex -50 11.679 44.9768
    endloop
  endfacet
  facet normal 0 -0.892553 -0.450943
    outer loop
      vertex -50 -10.8359 43.1638
      vertex 50 -11.2321 43.948
      vertex -50 -11.2321 43.948
    endloop
  endfacet
  facet normal 0 -0.892553 -0.450943
    outer loop
      vertex 50 -11.2321 43.948
      vertex -50 -10.8359 43.1638
      vertex 50 -10.8359 43.1638
    endloop
  endfacet
  facet normal 0 -0.607797 -0.794092
    outer loop
      vertex -50 -7.16702 38.6541
      vertex 50 -6.55675 38.187
      vertex 50 -7.16702 38.6541
    endloop
  endfacet
  facet normal -0 -0.607797 -0.794092
    outer loop
      vertex 50 -6.55675 38.187
      vertex -50 -7.16702 38.6541
      vertex -50 -6.55675 38.187
    endloop
  endfacet
  facet normal 0 -0.578915 -0.815388
    outer loop
      vertex -50 -6.55675 38.187
      vertex 50 -6.44041 38.1044
      vertex 50 -6.55675 38.187
    endloop
  endfacet
  facet normal -0 -0.578915 -0.815388
    outer loop
      vertex 50 -6.44041 38.1044
      vertex -50 -6.55675 38.187
      vertex -50 -6.44041 38.1044
    endloop
  endfacet
  facet normal 0 0.977002 -0.213231
    outer loop
      vertex 50 12.544 47.8062
      vertex -50 12.5672 47.9125
      vertex 50 12.5672 47.9125
    endloop
  endfacet
  facet normal 0 0.977002 -0.213231
    outer loop
      vertex -50 12.5672 47.9125
      vertex 50 12.544 47.8062
      vertex -50 12.544 47.8062
    endloop
  endfacet
  facet normal 0 0.661419 -0.750016
    outer loop
      vertex -50 7.27444 38.7424
      vertex 50 7.8633 39.2617
      vertex 50 7.27444 38.7424
    endloop
  endfacet
  facet normal 0 0.661419 -0.750016
    outer loop
      vertex 50 7.8633 39.2617
      vertex -50 7.27444 38.7424
      vertex -50 7.8633 39.2617
    endloop
  endfacet
  facet normal 0 -0.956261 -0.292516
    outer loop
      vertex -50 -12.0268 45.9307
      vertex 50 -12.294 46.8042
      vertex -50 -12.294 46.8042
    endloop
  endfacet
  facet normal 0 -0.956261 -0.292516
    outer loop
      vertex 50 -12.294 46.8042
      vertex -50 -12.0268 45.9307
      vertex 50 -12.0268 45.9307
    endloop
  endfacet
  facet normal 0 -0.238166 -0.971224
    outer loop
      vertex -50 -2.61215 36.3293
      vertex 50 -2.45882 36.2917
      vertex 50 -2.61215 36.3293
    endloop
  endfacet
  facet normal -0 -0.238166 -0.971224
    outer loop
      vertex 50 -2.45882 36.2917
      vertex -50 -2.61215 36.3293
      vertex -50 -2.45882 36.2917
    endloop
  endfacet
  facet normal 0 -0.795773 -0.605595
    outer loop
      vertex -50 -9.23117 40.7373
      vertex 50 -9.73618 41.4009
      vertex -50 -9.73618 41.4009
    endloop
  endfacet
  facet normal 0 -0.795773 -0.605595
    outer loop
      vertex 50 -9.73618 41.4009
      vertex -50 -9.23117 40.7373
      vertex 50 -9.23117 40.7373
    endloop
  endfacet
  facet normal 0 0 -1
    outer loop
      vertex -50 -0.0805511 36.0033
      vertex 50 0.0805511 36.0033
      vertex 50 -0.0805511 36.0033
    endloop
  endfacet
  facet normal -0 0 -1
    outer loop
      vertex 50 0.0805511 36.0033
      vertex -50 -0.0805511 36.0033
      vertex -50 0.0805511 36.0033
    endloop
  endfacet
  facet normal 0 -0.275766 -0.961225
    outer loop
      vertex -50 -3.28976 36.5237
      vertex 50 -2.61215 36.3293
      vertex 50 -3.28976 36.5237
    endloop
  endfacet
  facet normal -0 -0.275766 -0.961225
    outer loop
      vertex 50 -2.61215 36.3293
      vertex -50 -3.28976 36.5237
      vertex -50 -2.61215 36.3293
    endloop
  endfacet
  facet normal 0 -0.928113 -0.372299
    outer loop
      vertex -50 -11.6366 44.8711
      vertex 50 -11.679 44.9768
      vertex -50 -11.679 44.9768
    endloop
  endfacet
  facet normal 0 -0.928113 -0.372299
    outer loop
      vertex 50 -11.679 44.9768
      vertex -50 -11.6366 44.8711
      vertex 50 -11.6366 44.8711
    endloop
  endfacet
  facet normal 0 0.607797 -0.794092
    outer loop
      vertex -50 6.55675 38.187
      vertex 50 7.16702 38.6541
      vertex 50 6.55675 38.187
    endloop
  endfacet
  facet normal 0 0.607797 -0.794092
    outer loop
      vertex 50 7.16702 38.6541
      vertex -50 6.55675 38.187
      vertex -50 7.16702 38.6541
    endloop
  endfacet
  facet normal 0 0.964049 -0.265726
    outer loop
      vertex 50 12.294 46.8042
      vertex -50 12.3233 46.9105
      vertex 50 12.3233 46.9105
    endloop
  endfacet
  facet normal 0 0.964049 -0.265726
    outer loop
      vertex -50 12.3233 46.9105
      vertex 50 12.294 46.8042
      vertex -50 12.294 46.8042
    endloop
  endfacet
  facet normal 0 0.848598 -0.529039
    outer loop
      vertex 50 10.2799 42.2092
      vertex -50 10.3443 42.3125
      vertex 50 10.3443 42.3125
    endloop
  endfacet
  facet normal 0 0.848598 -0.529039
    outer loop
      vertex -50 10.3443 42.3125
      vertex 50 10.2799 42.2092
      vertex -50 10.2799 42.2092
    endloop
  endfacet
  facet normal 0 -0.420319 -0.907376
    outer loop
      vertex -50 -4.90694 37.1865
      vertex 50 -4.24808 36.8813
      vertex 50 -4.90694 37.1865
    endloop
  endfacet
  facet normal -0 -0.420319 -0.907376
    outer loop
      vertex 50 -4.24808 36.8813
      vertex -50 -4.90694 37.1865
      vertex -50 -4.24808 36.8813
    endloop
  endfacet
  facet normal 0 0.977002 0.213231
    outer loop
      vertex 50 12.5672 56.0875
      vertex -50 12.544 56.1938
      vertex 50 12.544 56.1938
    endloop
  endfacet
  facet normal 0 0.977002 0.213231
    outer loop
      vertex -50 12.544 56.1938
      vertex 50 12.5672 56.0875
      vertex -50 12.5672 56.0875
    endloop
  endfacet
  facet normal 0 -0.733351 -0.67985
    outer loop
      vertex -50 -8.5251 39.9237
      vertex 50 -8.61456 40.0202
      vertex -50 -8.61456 40.0202
    endloop
  endfacet
  facet normal 0 -0.733351 -0.67985
    outer loop
      vertex 50 -8.61456 40.0202
      vertex -50 -8.5251 39.9237
      vertex 50 -8.5251 39.9237
    endloop
  endfacet
  facet normal 0 0.864177 -0.503187
    outer loop
      vertex 50 10.3443 42.3125
      vertex -50 10.7792 43.0594
      vertex 50 10.7792 43.0594
    endloop
  endfacet
  facet normal 0 0.864177 -0.503187
    outer loop
      vertex -50 10.7792 43.0594
      vertex 50 10.3443 42.3125
      vertex -50 10.3443 42.3125
    endloop
  endfacet
  facet normal 0 -0.97096 -0.239244
    outer loop
      vertex -50 -12.3233 46.9105
      vertex 50 -12.544 47.8062
      vertex -50 -12.544 47.8062
    endloop
  endfacet
  facet normal 0 -0.97096 -0.239244
    outer loop
      vertex 50 -12.544 47.8062
      vertex -50 -12.3233 46.9105
      vertex 50 -12.3233 46.9105
    endloop
  endfacet
  facet normal 0 1 -0
    outer loop
      vertex 50 12.9986 51.9468
      vertex -50 12.9986 52.0532
      vertex 50 12.9986 52.0532
    endloop
  endfacet
  facet normal 0 1 0
    outer loop
      vertex -50 12.9986 52.0532
      vertex 50 12.9986 51.9468
      vertex -50 12.9986 51.9468
    endloop
  endfacet
  facet normal 0 -0.982521 0.186153
    outer loop
      vertex -50 -12.7402 55.1744
      vertex 50 -12.5672 56.0875
      vertex -50 -12.5672 56.0875
    endloop
  endfacet
  facet normal 0 -0.982521 0.186153
    outer loop
      vertex 50 -12.5672 56.0875
      vertex -50 -12.7402 55.1744
      vertex 50 -12.7402 55.1744
    endloop
  endfacet
  facet normal 0 -0.994309 0.106533
    outer loop
      vertex -50 -12.8931 54.035
      vertex 50 -12.8817 54.1414
      vertex -50 -12.8817 54.1414
    endloop
  endfacet
  facet normal 0 -0.994309 0.106533
    outer loop
      vertex 50 -12.8817 54.1414
      vertex -50 -12.8931 54.035
      vertex 50 -12.8931 54.035
    endloop
  endfacet
  facet normal 0 -1 0
    outer loop
      vertex -50 -12.9986 51.9468
      vertex 50 -12.9986 52.0532
      vertex -50 -12.9986 52.0532
    endloop
  endfacet
  facet normal 0 -1 -0
    outer loop
      vertex 50 -12.9986 52.0532
      vertex -50 -12.9986 51.9468
      vertex 50 -12.9986 51.9468
    endloop
  endfacet
  facet normal 0 -0.996817 -0.0797283
    outer loop
      vertex -50 -12.8931 49.965
      vertex 50 -12.9679 50.9002
      vertex -50 -12.9679 50.9002
    endloop
  endfacet
  facet normal 0 -0.996817 -0.0797283
    outer loop
      vertex 50 -12.9679 50.9002
      vertex -50 -12.8931 49.965
      vertex 50 -12.8931 49.965
    endloop
  endfacet
  facet normal 0 0.987185 -0.159582
    outer loop
      vertex 50 12.7402 48.8256
      vertex -50 12.7574 48.932
      vertex 50 12.7574 48.932
    endloop
  endfacet
  facet normal 0 0.987185 -0.159582
    outer loop
      vertex -50 12.7574 48.932
      vertex 50 12.7402 48.8256
      vertex -50 12.7402 48.8256
    endloop
  endfacet
  facet normal 0 0.947786 0.318906
    outer loop
      vertex 50 12.0268 58.0693
      vertex -50 11.9911 58.1754
      vertex 50 11.9911 58.1754
    endloop
  endfacet
  facet normal 0 0.947786 0.318906
    outer loop
      vertex -50 11.9911 58.1754
      vertex 50 12.0268 58.0693
      vertex -50 12.0268 58.0693
    endloop
  endfacet
  facet normal 0 -0.987185 -0.159582
    outer loop
      vertex -50 -12.7402 48.8256
      vertex 50 -12.7574 48.932
      vertex -50 -12.7574 48.932
    endloop
  endfacet
  facet normal 0 -0.987185 -0.159582
    outer loop
      vertex 50 -12.7574 48.932
      vertex -50 -12.7402 48.8256
      vertex 50 -12.7402 48.8256
    endloop
  endfacet
  facet normal 0 -0.51868 -0.854968
    outer loop
      vertex -50 -5.81093 37.6903
      vertex 50 -5.68582 37.6144
      vertex 50 -5.81093 37.6903
    endloop
  endfacet
  facet normal -0 -0.51868 -0.854968
    outer loop
      vertex 50 -5.68582 37.6144
      vertex -50 -5.81093 37.6903
      vertex -50 -5.68582 37.6144
    endloop
  endfacet
  facet normal 0 -0.831965 -0.554828
    outer loop
      vertex -50 -9.80861 41.5025
      vertex 50 -10.2799 42.2092
      vertex -50 -10.2799 42.2092
    endloop
  endfacet
  facet normal 0 -0.831965 -0.554828
    outer loop
      vertex 50 -10.2799 42.2092
      vertex -50 -9.80861 41.5025
      vertex 50 -9.80861 41.5025
    endloop
  endfacet
  facet normal 0 -0.814269 -0.580487
    outer loop
      vertex -50 -9.73618 41.4009
      vertex 50 -9.80861 41.5025
      vertex -50 -9.80861 41.5025
    endloop
  endfacet
  facet normal 0 -0.814269 -0.580487
    outer loop
      vertex 50 -9.80861 41.5025
      vertex -50 -9.73618 41.4009
      vertex 50 -9.73618 41.4009
    endloop
  endfacet
  facet normal 0 -0.312777 -0.949827
    outer loop
      vertex -50 -3.43765 36.5724
      vertex 50 -3.28976 36.5237
      vertex 50 -3.43765 36.5724
    endloop
  endfacet
  facet normal -0 -0.312777 -0.949827
    outer loop
      vertex 50 -3.28976 36.5237
      vertex -50 -3.43765 36.5724
      vertex -50 -3.28976 36.5237
    endloop
  endfacet
  facet normal 0 0.991122 -0.132955
    outer loop
      vertex 50 12.7574 48.932
      vertex -50 12.8817 49.8586
      vertex 50 12.8817 49.8586
    endloop
  endfacet
  facet normal 0 0.991122 -0.132955
    outer loop
      vertex -50 12.8817 49.8586
      vertex 50 12.7574 48.932
      vertex -50 12.7574 48.932
    endloop
  endfacet
  facet normal 0 0.487084 -0.873355
    outer loop
      vertex -50 5.04033 37.2544
      vertex 50 5.68582 37.6144
      vertex 50 5.04033 37.2544
    endloop
  endfacet
  facet normal 0 0.487084 -0.873355
    outer loop
      vertex 50 5.68582 37.6144
      vertex -50 5.04033 37.2544
      vertex -50 5.68582 37.6144
    endloop
  endfacet
  facet normal 0 0.998565 0.0535449
    outer loop
      vertex 50 12.9736 52.9935
      vertex -50 12.9679 53.0998
      vertex 50 12.9679 53.0998
    endloop
  endfacet
  facet normal 0 0.998565 0.0535449
    outer loop
      vertex -50 12.9679 53.0998
      vertex 50 12.9736 52.9935
      vertex -50 12.9736 52.9935
    endloop
  endfacet
  facet normal 0 0.238166 -0.971224
    outer loop
      vertex -50 2.45882 36.2917
      vertex 50 2.61215 36.3293
      vertex 50 2.45882 36.2917
    endloop
  endfacet
  facet normal 0 0.238166 -0.971224
    outer loop
      vertex 50 2.61215 36.3293
      vertex -50 2.45882 36.2917
      vertex -50 2.61215 36.3293
    endloop
  endfacet
  facet normal 0 0.956261 -0.292516
    outer loop
      vertex 50 12.0268 45.9307
      vertex -50 12.294 46.8042
      vertex 50 12.294 46.8042
    endloop
  endfacet
  facet normal 0 0.956261 -0.292516
    outer loop
      vertex -50 12.294 46.8042
      vertex 50 12.0268 45.9307
      vertex -50 12.0268 45.9307
    endloop
  endfacet
  facet normal 0 -0.453643 -0.891184
    outer loop
      vertex -50 -5.04033 37.2544
      vertex 50 -4.90694 37.1865
      vertex 50 -5.04033 37.2544
    endloop
  endfacet
  facet normal -0 -0.453643 -0.891184
    outer loop
      vertex 50 -4.90694 37.1865
      vertex -50 -5.04033 37.2544
      vertex -50 -4.90694 37.1865
    endloop
  endfacet
  facet normal 0 -0.938432 -0.345464
    outer loop
      vertex -50 -11.679 44.9768
      vertex 50 -11.9911 45.8246
      vertex -50 -11.9911 45.8246
    endloop
  endfacet
  facet normal 0 -0.938432 -0.345464
    outer loop
      vertex 50 -11.9911 45.8246
      vertex -50 -11.679 44.9768
      vertex 50 -11.679 44.9768
    endloop
  endfacet
  facet normal 0 -0.120424 -0.992723
    outer loop
      vertex -50 -1.61752 36.1273
      vertex 50 -0.930008 36.0439
      vertex 50 -1.61752 36.1273
    endloop
  endfacet
  facet normal -0 -0.120424 -0.992723
    outer loop
      vertex 50 -0.930008 36.0439
      vertex -50 -1.61752 36.1273
      vertex -50 -0.930008 36.0439
    endloop
  endfacet
  facet normal 0 0.97096 -0.239244
    outer loop
      vertex 50 12.3233 46.9105
      vertex -50 12.544 47.8062
      vertex 50 12.544 47.8062
    endloop
  endfacet
  facet normal 0 0.97096 -0.239244
    outer loop
      vertex -50 12.544 47.8062
      vertex 50 12.3233 46.9105
      vertex -50 12.3233 46.9105
    endloop
  endfacet
  facet normal 0 -0.487084 -0.873355
    outer loop
      vertex -50 -5.68582 37.6144
      vertex 50 -5.04033 37.2544
      vertex 50 -5.68582 37.6144
    endloop
  endfacet
  facet normal -0 -0.487084 -0.873355
    outer loop
      vertex 50 -5.04033 37.2544
      vertex -50 -5.68582 37.6144
      vertex -50 -5.04033 37.2544
    endloop
  endfacet
  facet normal 0 -0.635006 -0.772507
    outer loop
      vertex -50 -7.27444 38.7424
      vertex 50 -7.16702 38.6541
      vertex 50 -7.27444 38.7424
    endloop
  endfacet
  facet normal -0 -0.635006 -0.772507
    outer loop
      vertex 50 -7.16702 38.6541
      vertex -50 -7.27444 38.7424
      vertex -50 -7.16702 38.6541
    endloop
  endfacet
  facet normal 0 0.91722 0.398382
    outer loop
      vertex 50 11.6366 59.1289
      vertex -50 11.2814 59.9467
      vertex 50 11.2814 59.9467
    endloop
  endfacet
  facet normal 0 0.91722 0.398382
    outer loop
      vertex -50 11.2814 59.9467
      vertex 50 11.6366 59.1289
      vertex -50 11.6366 59.1289
    endloop
  endfacet
  facet normal 0 -0.91722 -0.398382
    outer loop
      vertex -50 -11.2814 44.0533
      vertex 50 -11.6366 44.8711
      vertex -50 -11.6366 44.8711
    endloop
  endfacet
  facet normal 0 -0.91722 -0.398382
    outer loop
      vertex 50 -11.6366 44.8711
      vertex -50 -11.2814 44.0533
      vertex 50 -11.2814 44.0533
    endloop
  endfacet
  facet normal 0 0.987185 0.159582
    outer loop
      vertex 50 12.7574 55.068
      vertex -50 12.7402 55.1744
      vertex 50 12.7402 55.1744
    endloop
  endfacet
  facet normal 0 0.987185 0.159582
    outer loop
      vertex -50 12.7402 55.1744
      vertex 50 12.7574 55.068
      vertex -50 12.7574 55.068
    endloop
  endfacet
  facet normal 0 0.928113 -0.372299
    outer loop
      vertex 50 11.6366 44.8711
      vertex -50 11.679 44.9768
      vertex 50 11.679 44.9768
    endloop
  endfacet
  facet normal 0 0.928113 -0.372299
    outer loop
      vertex -50 11.679 44.9768
      vertex 50 11.6366 44.8711
      vertex -50 11.6366 44.8711
    endloop
  endfacet
  facet normal 0 -0.549587 -0.835436
    outer loop
      vertex -50 -6.44041 38.1044
      vertex 50 -5.81093 37.6903
      vertex 50 -6.44041 38.1044
    endloop
  endfacet
  facet normal -0 -0.549587 -0.835436
    outer loop
      vertex 50 -5.81093 37.6903
      vertex -50 -6.44041 38.1044
      vertex -50 -5.81093 37.6903
    endloop
  endfacet
  facet normal 0 -0.349802 -0.936824
    outer loop
      vertex -50 -4.10692 36.8223
      vertex 50 -3.43765 36.5724
      vertex 50 -4.10692 36.8223
    endloop
  endfacet
  facet normal -0 -0.349802 -0.936824
    outer loop
      vertex 50 -3.43765 36.5724
      vertex -50 -4.10692 36.8223
      vertex -50 -3.43765 36.5724
    endloop
  endfacet
  facet normal 0 -0.998565 0.0535449
    outer loop
      vertex -50 -12.9736 52.9935
      vertex 50 -12.9679 53.0998
      vertex -50 -12.9679 53.0998
    endloop
  endfacet
  facet normal 0 -0.998565 0.0535449
    outer loop
      vertex 50 -12.9679 53.0998
      vertex -50 -12.9736 52.9935
      vertex 50 -12.9736 52.9935
    endloop
  endfacet
  facet normal 0 0.120424 -0.992723
    outer loop
      vertex -50 0.930008 36.0439
      vertex 50 1.61752 36.1273
      vertex 50 0.930008 36.0439
    endloop
  endfacet
  facet normal 0 0.120424 -0.992723
    outer loop
      vertex 50 1.61752 36.1273
      vertex -50 0.930008 36.0439
      vertex -50 1.61752 36.1273
    endloop
  endfacet
  facet normal 0 -0.905655 -0.424015
    outer loop
      vertex -50 -11.2321 43.948
      vertex 50 -11.2814 44.0533
      vertex -50 -11.2814 44.0533
    endloop
  endfacet
  facet normal 0 -0.905655 -0.424015
    outer loop
      vertex 50 -11.2814 44.0533
      vertex -50 -11.2321 43.948
      vertex 50 -11.2321 43.948
    endloop
  endfacet
  facet normal 0 0.385636 -0.922651
    outer loop
      vertex -50 4.10692 36.8223
      vertex 50 4.24808 36.8813
      vertex 50 4.10692 36.8223
    endloop
  endfacet
  facet normal 0 0.385636 -0.922651
    outer loop
      vertex 50 4.24808 36.8813
      vertex -50 4.10692 36.8223
      vertex -50 4.24808 36.8813
    endloop
  endfacet
  facet normal 0 0.795773 -0.605595
    outer loop
      vertex 50 9.23117 40.7373
      vertex -50 9.73618 41.4009
      vertex 50 9.73618 41.4009
    endloop
  endfacet
  facet normal 0 0.795773 -0.605595
    outer loop
      vertex -50 9.73618 41.4009
      vertex 50 9.23117 40.7373
      vertex -50 9.23117 40.7373
    endloop
  endfacet
  facet normal 0 -0.864177 -0.503187
    outer loop
      vertex -50 -10.3443 42.3125
      vertex 50 -10.7792 43.0594
      vertex -50 -10.7792 43.0594
    endloop
  endfacet
  facet normal 0 -0.864177 -0.503187
    outer loop
      vertex 50 -10.7792 43.0594
      vertex -50 -10.3443 42.3125
      vertex 50 -10.3443 42.3125
    endloop
  endfacet
  facet normal 0 -0.991122 0.132955
    outer loop
      vertex -50 -12.8817 54.1414
      vertex 50 -12.7574 55.068
      vertex -50 -12.7574 55.068
    endloop
  endfacet
  facet normal 0 -0.991122 0.132955
    outer loop
      vertex 50 -12.7574 55.068
      vertex -50 -12.8817 54.1414
      vertex 50 -12.8817 54.1414
    endloop
  endfacet
  facet normal 0 0.905655 -0.424015
    outer loop
      vertex 50 11.2321 43.948
      vertex -50 11.2814 44.0533
      vertex 50 11.2814 44.0533
    endloop
  endfacet
  facet normal 0 0.905655 -0.424015
    outer loop
      vertex -50 11.2814 44.0533
      vertex 50 11.2321 43.948
      vertex -50 11.2321 43.948
    endloop
  endfacet
  facet normal 0 0.999647 -0.0265779
    outer loop
      vertex 50 12.9736 51.0065
      vertex -50 12.9986 51.9468
      vertex 50 12.9986 51.9468
    endloop
  endfacet
  facet normal 0 0.999647 -0.0265779
    outer loop
      vertex -50 12.9986 51.9468
      vertex 50 12.9736 51.0065
      vertex -50 12.9736 51.0065
    endloop
  endfacet
  facet normal 0 0.928113 0.372299
    outer loop
      vertex 50 11.679 59.0232
      vertex -50 11.6366 59.1289
      vertex 50 11.6366 59.1289
    endloop
  endfacet
  facet normal 0 0.928113 0.372299
    outer loop
      vertex -50 11.6366 59.1289
      vertex 50 11.679 59.0232
      vertex -50 11.679 59.0232
    endloop
  endfacet
  facet normal 0 0.420319 -0.907376
    outer loop
      vertex -50 4.24808 36.8813
      vertex 50 4.90694 37.1865
      vertex 50 4.24808 36.8813
    endloop
  endfacet
  facet normal 0 0.420319 -0.907376
    outer loop
      vertex 50 4.90694 37.1865
      vertex -50 4.24808 36.8813
      vertex -50 4.90694 37.1865
    endloop
  endfacet
  facet normal 0 0.349802 -0.936824
    outer loop
      vertex -50 3.43765 36.5724
      vertex 50 4.10692 36.8223
      vertex 50 3.43765 36.5724
    endloop
  endfacet
  facet normal 0 0.349802 -0.936824
    outer loop
      vertex 50 4.10692 36.8223
      vertex -50 3.43765 36.5724
      vertex -50 4.10692 36.8223
    endloop
  endfacet
  facet normal 0 0.991122 0.132955
    outer loop
      vertex 50 12.8817 54.1414
      vertex -50 12.7574 55.068
      vertex 50 12.7574 55.068
    endloop
  endfacet
  facet normal 0 0.991122 0.132955
    outer loop
      vertex -50 12.7574 55.068
      vertex 50 12.8817 54.1414
      vertex -50 12.8817 54.1414
    endloop
  endfacet
  facet normal 0 -0.686715 -0.726927
    outer loop
      vertex -50 -7.96164 39.3546
      vertex 50 -7.8633 39.2617
      vertex 50 -7.96164 39.3546
    endloop
  endfacet
  facet normal -0 -0.686715 -0.726927
    outer loop
      vertex 50 -7.8633 39.2617
      vertex -50 -7.96164 39.3546
      vertex -50 -7.8633 39.2617
    endloop
  endfacet
  facet normal 0 -0.385636 -0.922651
    outer loop
      vertex -50 -4.24808 36.8813
      vertex 50 -4.10692 36.8223
      vertex 50 -4.24808 36.8813
    endloop
  endfacet
  facet normal -0 -0.385636 -0.922651
    outer loop
      vertex 50 -4.10692 36.8223
      vertex -50 -4.24808 36.8813
      vertex -50 -4.10692 36.8223
    endloop
  endfacet
  facet normal 0 0.996817 0.0797283
    outer loop
      vertex 50 12.9679 53.0998
      vertex -50 12.8931 54.035
      vertex 50 12.8931 54.035
    endloop
  endfacet
  facet normal 0 0.996817 0.0797283
    outer loop
      vertex -50 12.8931 54.035
      vertex 50 12.9679 53.0998
      vertex -50 12.9679 53.0998
    endloop
  endfacet
  facet normal 0 0.998565 -0.0535449
    outer loop
      vertex 50 12.9679 50.9002
      vertex -50 12.9736 51.0065
      vertex 50 12.9736 51.0065
    endloop
  endfacet
  facet normal 0 0.998565 -0.0535449
    outer loop
      vertex -50 12.9736 51.0065
      vertex 50 12.9679 50.9002
      vertex -50 12.9679 50.9002
    endloop
  endfacet
  facet normal 0 -0.199109 -0.979977
    outer loop
      vertex -50 -2.45882 36.2917
      vertex 50 -1.77518 36.1528
      vertex 50 -2.45882 36.2917
    endloop
  endfacet
  facet normal -0 -0.199109 -0.979977
    outer loop
      vertex 50 -1.77518 36.1528
      vertex -50 -2.45882 36.2917
      vertex -50 -1.77518 36.1528
    endloop
  endfacet
  facet normal 0 0.0401497 -0.999194
    outer loop
      vertex -50 0.0805511 36.0033
      vertex 50 0.769913 36.031
      vertex 50 0.0805511 36.0033
    endloop
  endfacet
  facet normal 0 0.0401497 -0.999194
    outer loop
      vertex 50 0.769913 36.031
      vertex -50 0.0805511 36.0033
      vertex -50 0.769913 36.031
    endloop
  endfacet
  facet normal -0.0783568 0.996925 0
    outer loop
      vertex -41.5776 -24.6668 0.5
      vertex -42 -24.7 2.5
      vertex -41.5776 -24.6668 2.5
    endloop
  endfacet
  facet normal -0.0783568 0.996925 0
    outer loop
      vertex -42 -24.7 2.5
      vertex -41.5776 -24.6668 0.5
      vertex -42 -24.7 0.5
    endloop
  endfacet
  facet normal -0.972364 -0.233471 0
    outer loop
      vertex -39.3332 -21.5776 0.5
      vertex -39.4321 -21.1657 2.5
      vertex -39.4321 -21.1657 0.5
    endloop
  endfacet
  facet normal -0.972364 -0.233471 0
    outer loop
      vertex -39.4321 -21.1657 2.5
      vertex -39.3332 -21.5776 0.5
      vertex -39.3332 -21.5776 2.5
    endloop
  endfacet
  facet normal -0.996925 -0.0783568 0
    outer loop
      vertex -39.3 -22 0.5
      vertex -39.3332 -21.5776 2.5
      vertex -39.3332 -21.5776 0.5
    endloop
  endfacet
  facet normal -0.996925 -0.0783568 0
    outer loop
      vertex -39.3332 -21.5776 2.5
      vertex -39.3 -22 0.5
      vertex -39.3 -22 2.5
    endloop
  endfacet
  facet normal -0.92385 -0.382755 0
    outer loop
      vertex -39.4321 -21.1657 0.5
      vertex -39.5943 -20.7742 2.5
      vertex -39.5943 -20.7742 0.5
    endloop
  endfacet
  facet normal -0.92385 -0.382755 0
    outer loop
      vertex -39.5943 -20.7742 2.5
      vertex -39.4321 -21.1657 0.5
      vertex -39.4321 -21.1657 2.5
    endloop
  endfacet
  facet normal -0.522595 0.852581 0
    outer loop
      vertex -40.413 -24.1843 0.5
      vertex -40.7742 -24.4057 2.5
      vertex -40.413 -24.1843 2.5
    endloop
  endfacet
  facet normal -0.522595 0.852581 0
    outer loop
      vertex -40.7742 -24.4057 2.5
      vertex -40.413 -24.1843 0.5
      vertex -40.7742 -24.4057 0.5
    endloop
  endfacet
  facet normal -0.852581 -0.522595 0
    outer loop
      vertex -39.5943 -20.7742 0.5
      vertex -39.8157 -20.413 2.5
      vertex -39.8157 -20.413 0.5
    endloop
  endfacet
  facet normal -0.852581 -0.522595 0
    outer loop
      vertex -39.8157 -20.413 2.5
      vertex -39.5943 -20.7742 0.5
      vertex -39.5943 -20.7742 2.5
    endloop
  endfacet
  facet normal -0.760505 -0.649332 0
    outer loop
      vertex -39.8157 -20.413 0.5
      vertex -40.0908 -20.0908 2.5
      vertex -40.0908 -20.0908 0.5
    endloop
  endfacet
  facet normal -0.760505 -0.649332 0
    outer loop
      vertex -40.0908 -20.0908 2.5
      vertex -39.8157 -20.413 0.5
      vertex -39.8157 -20.413 2.5
    endloop
  endfacet
  facet normal 0.996925 -0.0783568 0
    outer loop
      vertex -44.7 -22 2.5
      vertex -44.6668 -21.5776 0.5
      vertex -44.6668 -21.5776 2.5
    endloop
  endfacet
  facet normal 0.996925 -0.0783568 0
    outer loop
      vertex -44.6668 -21.5776 0.5
      vertex -44.7 -22 2.5
      vertex -44.7 -22 0.5
    endloop
  endfacet
  facet normal -0.233471 0.972364 0
    outer loop
      vertex -41.1657 -24.5679 0.5
      vertex -41.5776 -24.6668 2.5
      vertex -41.1657 -24.5679 2.5
    endloop
  endfacet
  facet normal -0.233471 0.972364 0
    outer loop
      vertex -41.5776 -24.6668 2.5
      vertex -41.1657 -24.5679 0.5
      vertex -41.5776 -24.6668 0.5
    endloop
  endfacet
  facet normal 0.852581 0.522595 0
    outer loop
      vertex -44.1843 -23.587 2.5
      vertex -44.4057 -23.2258 0.5
      vertex -44.4057 -23.2258 2.5
    endloop
  endfacet
  facet normal 0.852581 0.522595 0
    outer loop
      vertex -44.4057 -23.2258 0.5
      vertex -44.1843 -23.587 2.5
      vertex -44.1843 -23.587 0.5
    endloop
  endfacet
  facet normal 0.92385 0.382755 0
    outer loop
      vertex -44.4057 -23.2258 2.5
      vertex -44.5679 -22.8343 0.5
      vertex -44.5679 -22.8343 2.5
    endloop
  endfacet
  facet normal 0.92385 0.382755 0
    outer loop
      vertex -44.5679 -22.8343 0.5
      vertex -44.4057 -23.2258 2.5
      vertex -44.4057 -23.2258 0.5
    endloop
  endfacet
  facet normal -0.522595 -0.852581 0
    outer loop
      vertex -40.7742 -19.5943 0.5
      vertex -40.413 -19.8157 2.5
      vertex -40.7742 -19.5943 2.5
    endloop
  endfacet
  facet normal -0.522595 -0.852581 -0
    outer loop
      vertex -40.413 -19.8157 2.5
      vertex -40.7742 -19.5943 0.5
      vertex -40.413 -19.8157 0.5
    endloop
  endfacet
  facet normal 0.760505 -0.649332 0
    outer loop
      vertex -44.1843 -20.413 2.5
      vertex -43.9092 -20.0908 0.5
      vertex -43.9092 -20.0908 2.5
    endloop
  endfacet
  facet normal 0.760505 -0.649332 0
    outer loop
      vertex -43.9092 -20.0908 0.5
      vertex -44.1843 -20.413 2.5
      vertex -44.1843 -20.413 0.5
    endloop
  endfacet
  facet normal 0.996925 0.0783568 0
    outer loop
      vertex -44.6668 -22.4224 2.5
      vertex -44.7 -22 0.5
      vertex -44.7 -22 2.5
    endloop
  endfacet
  facet normal 0.996925 0.0783568 0
    outer loop
      vertex -44.7 -22 0.5
      vertex -44.6668 -22.4224 2.5
      vertex -44.6668 -22.4224 0.5
    endloop
  endfacet
  facet normal -0.760505 0.649332 0
    outer loop
      vertex -40.0908 -23.9092 0.5
      vertex -39.8157 -23.587 2.5
      vertex -39.8157 -23.587 0.5
    endloop
  endfacet
  facet normal -0.760505 0.649332 0
    outer loop
      vertex -39.8157 -23.587 2.5
      vertex -40.0908 -23.9092 0.5
      vertex -40.0908 -23.9092 2.5
    endloop
  endfacet
  facet normal -0.852581 0.522595 0
    outer loop
      vertex -39.8157 -23.587 0.5
      vertex -39.5943 -23.2258 2.5
      vertex -39.5943 -23.2258 0.5
    endloop
  endfacet
  facet normal -0.852581 0.522595 0
    outer loop
      vertex -39.5943 -23.2258 2.5
      vertex -39.8157 -23.587 0.5
      vertex -39.8157 -23.587 2.5
    endloop
  endfacet
  facet normal 0.233471 0.972364 -0
    outer loop
      vertex -42.4224 -24.6668 0.5
      vertex -42.8343 -24.5679 2.5
      vertex -42.4224 -24.6668 2.5
    endloop
  endfacet
  facet normal 0.233471 0.972364 0
    outer loop
      vertex -42.8343 -24.5679 2.5
      vertex -42.4224 -24.6668 0.5
      vertex -42.8343 -24.5679 0.5
    endloop
  endfacet
  facet normal 0.972364 0.233471 0
    outer loop
      vertex -44.5679 -22.8343 2.5
      vertex -44.6668 -22.4224 0.5
      vertex -44.6668 -22.4224 2.5
    endloop
  endfacet
  facet normal 0.972364 0.233471 0
    outer loop
      vertex -44.6668 -22.4224 0.5
      vertex -44.5679 -22.8343 2.5
      vertex -44.5679 -22.8343 0.5
    endloop
  endfacet
  facet normal 0.382755 0.92385 -0
    outer loop
      vertex -42.8343 -24.5679 0.5
      vertex -43.2258 -24.4057 2.5
      vertex -42.8343 -24.5679 2.5
    endloop
  endfacet
  facet normal 0.382755 0.92385 0
    outer loop
      vertex -43.2258 -24.4057 2.5
      vertex -42.8343 -24.5679 0.5
      vertex -43.2258 -24.4057 0.5
    endloop
  endfacet
  facet normal -0.996925 0.0783568 0
    outer loop
      vertex -39.3332 -22.4224 0.5
      vertex -39.3 -22 2.5
      vertex -39.3 -22 0.5
    endloop
  endfacet
  facet normal -0.996925 0.0783568 0
    outer loop
      vertex -39.3 -22 2.5
      vertex -39.3332 -22.4224 0.5
      vertex -39.3332 -22.4224 2.5
    endloop
  endfacet
  facet normal -0.972364 0.233471 0
    outer loop
      vertex -39.4321 -22.8343 0.5
      vertex -39.3332 -22.4224 2.5
      vertex -39.3332 -22.4224 0.5
    endloop
  endfacet
  facet normal -0.972364 0.233471 0
    outer loop
      vertex -39.3332 -22.4224 2.5
      vertex -39.4321 -22.8343 0.5
      vertex -39.4321 -22.8343 2.5
    endloop
  endfacet
  facet normal 0.649332 -0.760505 0
    outer loop
      vertex -43.9092 -20.0908 0.5
      vertex -43.587 -19.8157 2.5
      vertex -43.9092 -20.0908 2.5
    endloop
  endfacet
  facet normal 0.649332 -0.760505 0
    outer loop
      vertex -43.587 -19.8157 2.5
      vertex -43.9092 -20.0908 0.5
      vertex -43.587 -19.8157 0.5
    endloop
  endfacet
  facet normal 0.382755 -0.92385 0
    outer loop
      vertex -43.2258 -19.5943 0.5
      vertex -42.8343 -19.4321 2.5
      vertex -43.2258 -19.5943 2.5
    endloop
  endfacet
  facet normal 0.382755 -0.92385 0
    outer loop
      vertex -42.8343 -19.4321 2.5
      vertex -43.2258 -19.5943 0.5
      vertex -42.8343 -19.4321 0.5
    endloop
  endfacet
  facet normal -0.649332 -0.760505 0
    outer loop
      vertex -40.413 -19.8157 0.5
      vertex -40.0908 -20.0908 2.5
      vertex -40.413 -19.8157 2.5
    endloop
  endfacet
  facet normal -0.649332 -0.760505 -0
    outer loop
      vertex -40.0908 -20.0908 2.5
      vertex -40.413 -19.8157 0.5
      vertex -40.0908 -20.0908 0.5
    endloop
  endfacet
  facet normal 0.852581 -0.522595 0
    outer loop
      vertex -44.4057 -20.7742 2.5
      vertex -44.1843 -20.413 0.5
      vertex -44.1843 -20.413 2.5
    endloop
  endfacet
  facet normal 0.852581 -0.522595 0
    outer loop
      vertex -44.1843 -20.413 0.5
      vertex -44.4057 -20.7742 2.5
      vertex -44.4057 -20.7742 0.5
    endloop
  endfacet
  facet normal 0.92385 -0.382755 0
    outer loop
      vertex -44.5679 -21.1657 2.5
      vertex -44.4057 -20.7742 0.5
      vertex -44.4057 -20.7742 2.5
    endloop
  endfacet
  facet normal 0.92385 -0.382755 0
    outer loop
      vertex -44.4057 -20.7742 0.5
      vertex -44.5679 -21.1657 2.5
      vertex -44.5679 -21.1657 0.5
    endloop
  endfacet
  facet normal 0.233471 -0.972364 0
    outer loop
      vertex -42.8343 -19.4321 0.5
      vertex -42.4224 -19.3332 2.5
      vertex -42.8343 -19.4321 2.5
    endloop
  endfacet
  facet normal 0.233471 -0.972364 0
    outer loop
      vertex -42.4224 -19.3332 2.5
      vertex -42.8343 -19.4321 0.5
      vertex -42.4224 -19.3332 0.5
    endloop
  endfacet
  facet normal 0.0783568 -0.996925 0
    outer loop
      vertex -42.4224 -19.3332 0.5
      vertex -42 -19.3 2.5
      vertex -42.4224 -19.3332 2.5
    endloop
  endfacet
  facet normal 0.0783568 -0.996925 0
    outer loop
      vertex -42 -19.3 2.5
      vertex -42.4224 -19.3332 0.5
      vertex -42 -19.3 0.5
    endloop
  endfacet
  facet normal 0.649332 0.760505 -0
    outer loop
      vertex -43.587 -24.1843 0.5
      vertex -43.9092 -23.9092 2.5
      vertex -43.587 -24.1843 2.5
    endloop
  endfacet
  facet normal 0.649332 0.760505 0
    outer loop
      vertex -43.9092 -23.9092 2.5
      vertex -43.587 -24.1843 0.5
      vertex -43.9092 -23.9092 0.5
    endloop
  endfacet
  facet normal -0.0783568 -0.996925 0
    outer loop
      vertex -42 -19.3 0.5
      vertex -41.5776 -19.3332 2.5
      vertex -42 -19.3 2.5
    endloop
  endfacet
  facet normal -0.0783568 -0.996925 -0
    outer loop
      vertex -41.5776 -19.3332 2.5
      vertex -42 -19.3 0.5
      vertex -41.5776 -19.3332 0.5
    endloop
  endfacet
  facet normal 0.760505 0.649332 0
    outer loop
      vertex -43.9092 -23.9092 2.5
      vertex -44.1843 -23.587 0.5
      vertex -44.1843 -23.587 2.5
    endloop
  endfacet
  facet normal 0.760505 0.649332 0
    outer loop
      vertex -44.1843 -23.587 0.5
      vertex -43.9092 -23.9092 2.5
      vertex -43.9092 -23.9092 0.5
    endloop
  endfacet
  facet normal -0.649332 0.760505 0
    outer loop
      vertex -40.0908 -23.9092 0.5
      vertex -40.413 -24.1843 2.5
      vertex -40.0908 -23.9092 2.5
    endloop
  endfacet
  facet normal -0.649332 0.760505 0
    outer loop
      vertex -40.413 -24.1843 2.5
      vertex -40.0908 -23.9092 0.5
      vertex -40.413 -24.1843 0.5
    endloop
  endfacet
  facet normal -0.382755 -0.92385 0
    outer loop
      vertex -41.1657 -19.4321 0.5
      vertex -40.7742 -19.5943 2.5
      vertex -41.1657 -19.4321 2.5
    endloop
  endfacet
  facet normal -0.382755 -0.92385 -0
    outer loop
      vertex -40.7742 -19.5943 2.5
      vertex -41.1657 -19.4321 0.5
      vertex -40.7742 -19.5943 0.5
    endloop
  endfacet
  facet normal 0.972364 -0.233471 0
    outer loop
      vertex -44.6668 -21.5776 2.5
      vertex -44.5679 -21.1657 0.5
      vertex -44.5679 -21.1657 2.5
    endloop
  endfacet
  facet normal 0.972364 -0.233471 0
    outer loop
      vertex -44.5679 -21.1657 0.5
      vertex -44.6668 -21.5776 2.5
      vertex -44.6668 -21.5776 0.5
    endloop
  endfacet
  facet normal -0.233471 -0.972364 0
    outer loop
      vertex -41.5776 -19.3332 0.5
      vertex -41.1657 -19.4321 2.5
      vertex -41.5776 -19.3332 2.5
    endloop
  endfacet
  facet normal -0.233471 -0.972364 -0
    outer loop
      vertex -41.1657 -19.4321 2.5
      vertex -41.5776 -19.3332 0.5
      vertex -41.1657 -19.4321 0.5
    endloop
  endfacet
  facet normal -0.92385 0.382755 0
    outer loop
      vertex -39.5943 -23.2258 0.5
      vertex -39.4321 -22.8343 2.5
      vertex -39.4321 -22.8343 0.5
    endloop
  endfacet
  facet normal -0.92385 0.382755 0
    outer loop
      vertex -39.4321 -22.8343 2.5
      vertex -39.5943 -23.2258 0.5
      vertex -39.5943 -23.2258 2.5
    endloop
  endfacet
  facet normal -0.382755 0.92385 0
    outer loop
      vertex -40.7742 -24.4057 0.5
      vertex -41.1657 -24.5679 2.5
      vertex -40.7742 -24.4057 2.5
    endloop
  endfacet
  facet normal -0.382755 0.92385 0
    outer loop
      vertex -41.1657 -24.5679 2.5
      vertex -40.7742 -24.4057 0.5
      vertex -41.1657 -24.5679 0.5
    endloop
  endfacet
  facet normal 0.522595 -0.852581 0
    outer loop
      vertex -43.587 -19.8157 0.5
      vertex -43.2258 -19.5943 2.5
      vertex -43.587 -19.8157 2.5
    endloop
  endfacet
  facet normal 0.522595 -0.852581 0
    outer loop
      vertex -43.2258 -19.5943 2.5
      vertex -43.587 -19.8157 0.5
      vertex -43.2258 -19.5943 0.5
    endloop
  endfacet
  facet normal 0.0783568 0.996925 -0
    outer loop
      vertex -42 -24.7 0.5
      vertex -42.4224 -24.6668 2.5
      vertex -42 -24.7 2.5
    endloop
  endfacet
  facet normal 0.0783568 0.996925 0
    outer loop
      vertex -42.4224 -24.6668 2.5
      vertex -42 -24.7 0.5
      vertex -42.4224 -24.6668 0.5
    endloop
  endfacet
  facet normal 0.522595 0.852581 -0
    outer loop
      vertex -43.2258 -24.4057 0.5
      vertex -43.587 -24.1843 2.5
      vertex -43.2258 -24.4057 2.5
    endloop
  endfacet
  facet normal 0.522595 0.852581 0
    outer loop
      vertex -43.587 -24.1843 2.5
      vertex -43.2258 -24.4057 0.5
      vertex -43.587 -24.1843 0.5
    endloop
  endfacet
  facet normal 0 1 -0
    outer loop
      vertex -39.3442 -26.6 2.5
      vertex -44.6558 -26.6 6.5
      vertex -39.3442 -26.6 6.5
    endloop
  endfacet
  facet normal 0 1 0
    outer loop
      vertex -44.6558 -26.6 6.5
      vertex -39.3442 -26.6 2.5
      vertex -44.6558 -26.6 2.5
    endloop
  endfacet
  facet normal -0.866026 0.499998 0
    outer loop
      vertex -39.3442 -26.6 2.5
      vertex -36.6884 -22 6.5
      vertex -36.6884 -22 2.5
    endloop
  endfacet
  facet normal -0.866026 0.499998 0
    outer loop
      vertex -36.6884 -22 6.5
      vertex -39.3442 -26.6 2.5
      vertex -39.3442 -26.6 6.5
    endloop
  endfacet
  facet normal 0 -1 0
    outer loop
      vertex -44.6558 -17.4 2.5
      vertex -39.3442 -17.4 6.5
      vertex -44.6558 -17.4 6.5
    endloop
  endfacet
  facet normal 0 -1 -0
    outer loop
      vertex -39.3442 -17.4 6.5
      vertex -44.6558 -17.4 2.5
      vertex -39.3442 -17.4 2.5
    endloop
  endfacet
  facet normal -0.866026 -0.499998 0
    outer loop
      vertex -36.6884 -22 2.5
      vertex -39.3442 -17.4 6.5
      vertex -39.3442 -17.4 2.5
    endloop
  endfacet
  facet normal -0.866026 -0.499998 0
    outer loop
      vertex -39.3442 -17.4 6.5
      vertex -36.6884 -22 2.5
      vertex -36.6884 -22 6.5
    endloop
  endfacet
  facet normal 0.866026 -0.499998 0
    outer loop
      vertex -47.3116 -22 6.5
      vertex -44.6558 -17.4 2.5
      vertex -44.6558 -17.4 6.5
    endloop
  endfacet
  facet normal 0.866026 -0.499998 0
    outer loop
      vertex -44.6558 -17.4 2.5
      vertex -47.3116 -22 6.5
      vertex -47.3116 -22 2.5
    endloop
  endfacet
  facet normal 0.866026 0.499998 0
    outer loop
      vertex -44.6558 -26.6 6.5
      vertex -47.3116 -22 2.5
      vertex -47.3116 -22 6.5
    endloop
  endfacet
  facet normal 0.866026 0.499998 0
    outer loop
      vertex -47.3116 -22 2.5
      vertex -44.6558 -26.6 6.5
      vertex -44.6558 -26.6 2.5
    endloop
  endfacet
  facet normal 0 0 1
    outer loop
      vertex -36.6884 -22 2.5
      vertex -39.3332 -21.5776 2.5
      vertex -39.3 -22 2.5
    endloop
  endfacet
  facet normal -0 0 1
    outer loop
      vertex -39.5943 -20.7742 2.5
      vertex -36.6884 -22 2.5
      vertex -39.3442 -17.4 2.5
    endloop
  endfacet
  facet normal 0 0 1
    outer loop
      vertex -36.6884 -22 2.5
      vertex -39.4321 -21.1657 2.5
      vertex -39.3332 -21.5776 2.5
    endloop
  endfacet
  facet normal 0 0 1
    outer loop
      vertex -36.6884 -22 2.5
      vertex -39.5943 -20.7742 2.5
      vertex -39.4321 -21.1657 2.5
    endloop
  endfacet
  facet normal 0 0 1
    outer loop
      vertex -39.3442 -17.4 2.5
      vertex -39.8157 -20.413 2.5
      vertex -39.5943 -20.7742 2.5
    endloop
  endfacet
  facet normal 0 0 1
    outer loop
      vertex -39.3442 -17.4 2.5
      vertex -40.0908 -20.0908 2.5
      vertex -39.8157 -20.413 2.5
    endloop
  endfacet
  facet normal 0 0 1
    outer loop
      vertex -39.3442 -17.4 2.5
      vertex -40.413 -19.8157 2.5
      vertex -40.0908 -20.0908 2.5
    endloop
  endfacet
  facet normal 0 0 1
    outer loop
      vertex -39.3442 -17.4 2.5
      vertex -40.7742 -19.5943 2.5
      vertex -40.413 -19.8157 2.5
    endloop
  endfacet
  facet normal 0 0 1
    outer loop
      vertex -39.3442 -17.4 2.5
      vertex -41.1657 -19.4321 2.5
      vertex -40.7742 -19.5943 2.5
    endloop
  endfacet
  facet normal 0 0 1
    outer loop
      vertex -39.3442 -17.4 2.5
      vertex -41.5776 -19.3332 2.5
      vertex -41.1657 -19.4321 2.5
    endloop
  endfacet
  facet normal 0 0 1
    outer loop
      vertex -39.3442 -17.4 2.5
      vertex -42 -19.3 2.5
      vertex -41.5776 -19.3332 2.5
    endloop
  endfacet
  facet normal -0 0 1
    outer loop
      vertex -44.6558 -17.4 2.5
      vertex -42 -19.3 2.5
      vertex -39.3442 -17.4 2.5
    endloop
  endfacet
  facet normal 0 0 1
    outer loop
      vertex -42 -19.3 2.5
      vertex -44.6558 -17.4 2.5
      vertex -42.4224 -19.3332 2.5
    endloop
  endfacet
  facet normal 0 0 1
    outer loop
      vertex -42.4224 -19.3332 2.5
      vertex -44.6558 -17.4 2.5
      vertex -42.8343 -19.4321 2.5
    endloop
  endfacet
  facet normal 0 0 1
    outer loop
      vertex -42.8343 -19.4321 2.5
      vertex -44.6558 -17.4 2.5
      vertex -43.2258 -19.5943 2.5
    endloop
  endfacet
  facet normal 0 0 1
    outer loop
      vertex -44.6558 -17.4 2.5
      vertex -43.587 -19.8157 2.5
      vertex -43.2258 -19.5943 2.5
    endloop
  endfacet
  facet normal 0 0 1
    outer loop
      vertex -44.6558 -17.4 2.5
      vertex -43.9092 -20.0908 2.5
      vertex -43.587 -19.8157 2.5
    endloop
  endfacet
  facet normal 0 0 1
    outer loop
      vertex -44.6558 -17.4 2.5
      vertex -44.1843 -20.413 2.5
      vertex -43.9092 -20.0908 2.5
    endloop
  endfacet
  facet normal 0 0 1
    outer loop
      vertex -44.6558 -17.4 2.5
      vertex -44.4057 -20.7742 2.5
      vertex -44.1843 -20.413 2.5
    endloop
  endfacet
  facet normal 0 0 1
    outer loop
      vertex -47.3116 -22 2.5
      vertex -44.4057 -20.7742 2.5
      vertex -44.6558 -17.4 2.5
    endloop
  endfacet
  facet normal 0 0 1
    outer loop
      vertex -44.4057 -20.7742 2.5
      vertex -47.3116 -22 2.5
      vertex -44.5679 -21.1657 2.5
    endloop
  endfacet
  facet normal 0 0 1
    outer loop
      vertex -44.5679 -21.1657 2.5
      vertex -47.3116 -22 2.5
      vertex -44.6668 -21.5776 2.5
    endloop
  endfacet
  facet normal 0 0 1
    outer loop
      vertex -44.6668 -21.5776 2.5
      vertex -47.3116 -22 2.5
      vertex -44.7 -22 2.5
    endloop
  endfacet
  facet normal 0 0 1
    outer loop
      vertex -39.3332 -22.4224 2.5
      vertex -36.6884 -22 2.5
      vertex -39.3 -22 2.5
    endloop
  endfacet
  facet normal 0 0 1
    outer loop
      vertex -39.4321 -22.8343 2.5
      vertex -36.6884 -22 2.5
      vertex -39.3332 -22.4224 2.5
    endloop
  endfacet
  facet normal 0 0 1
    outer loop
      vertex -39.5943 -23.2258 2.5
      vertex -36.6884 -22 2.5
      vertex -39.4321 -22.8343 2.5
    endloop
  endfacet
  facet normal 0 0 1
    outer loop
      vertex -36.6884 -22 2.5
      vertex -39.5943 -23.2258 2.5
      vertex -39.3442 -26.6 2.5
    endloop
  endfacet
  facet normal -0 0 1
    outer loop
      vertex -39.8157 -23.587 2.5
      vertex -39.3442 -26.6 2.5
      vertex -39.5943 -23.2258 2.5
    endloop
  endfacet
  facet normal -0 0 1
    outer loop
      vertex -40.0908 -23.9092 2.5
      vertex -39.3442 -26.6 2.5
      vertex -39.8157 -23.587 2.5
    endloop
  endfacet
  facet normal -0 0 1
    outer loop
      vertex -40.413 -24.1843 2.5
      vertex -39.3442 -26.6 2.5
      vertex -40.0908 -23.9092 2.5
    endloop
  endfacet
  facet normal -0 0 1
    outer loop
      vertex -40.7742 -24.4057 2.5
      vertex -39.3442 -26.6 2.5
      vertex -40.413 -24.1843 2.5
    endloop
  endfacet
  facet normal -0 0 1
    outer loop
      vertex -41.1657 -24.5679 2.5
      vertex -39.3442 -26.6 2.5
      vertex -40.7742 -24.4057 2.5
    endloop
  endfacet
  facet normal -0 0 1
    outer loop
      vertex -41.5776 -24.6668 2.5
      vertex -39.3442 -26.6 2.5
      vertex -41.1657 -24.5679 2.5
    endloop
  endfacet
  facet normal -0 0 1
    outer loop
      vertex -42 -24.7 2.5
      vertex -39.3442 -26.6 2.5
      vertex -41.5776 -24.6668 2.5
    endloop
  endfacet
  facet normal 0 0 1
    outer loop
      vertex -44.6558 -26.6 2.5
      vertex -42 -24.7 2.5
      vertex -42.4224 -24.6668 2.5
    endloop
  endfacet
  facet normal 0 0 1
    outer loop
      vertex -44.6558 -26.6 2.5
      vertex -42.4224 -24.6668 2.5
      vertex -42.8343 -24.5679 2.5
    endloop
  endfacet
  facet normal 0 0 1
    outer loop
      vertex -44.6558 -26.6 2.5
      vertex -42.8343 -24.5679 2.5
      vertex -43.2258 -24.4057 2.5
    endloop
  endfacet
  facet normal 0 0 1
    outer loop
      vertex -42 -24.7 2.5
      vertex -44.6558 -26.6 2.5
      vertex -39.3442 -26.6 2.5
    endloop
  endfacet
  facet normal 0 0 1
    outer loop
      vertex -43.587 -24.1843 2.5
      vertex -44.6558 -26.6 2.5
      vertex -43.2258 -24.4057 2.5
    endloop
  endfacet
  facet normal 0 0 1
    outer loop
      vertex -43.9092 -23.9092 2.5
      vertex -44.6558 -26.6 2.5
      vertex -43.587 -24.1843 2.5
    endloop
  endfacet
  facet normal 0 0 1
    outer loop
      vertex -44.1843 -23.587 2.5
      vertex -44.6558 -26.6 2.5
      vertex -43.9092 -23.9092 2.5
    endloop
  endfacet
  facet normal 0 0 1
    outer loop
      vertex -44.4057 -23.2258 2.5
      vertex -44.6558 -26.6 2.5
      vertex -44.1843 -23.587 2.5
    endloop
  endfacet
  facet normal 0 0 1
    outer loop
      vertex -47.3116 -22 2.5
      vertex -44.4057 -23.2258 2.5
      vertex -44.5679 -22.8343 2.5
    endloop
  endfacet
  facet normal 0 0 1
    outer loop
      vertex -47.3116 -22 2.5
      vertex -44.5679 -22.8343 2.5
      vertex -44.6668 -22.4224 2.5
    endloop
  endfacet
  facet normal -0 0 1
    outer loop
      vertex -47.3116 -22 2.5
      vertex -44.6668 -22.4224 2.5
      vertex -44.7 -22 2.5
    endloop
  endfacet
  facet normal 0 0 1
    outer loop
      vertex -44.4057 -23.2258 2.5
      vertex -47.3116 -22 2.5
      vertex -44.6558 -26.6 2.5
    endloop
  endfacet
  facet normal -0.0783568 0.996925 0
    outer loop
      vertex -41.5776 19.3332 0.5
      vertex -42 19.3 2.5
      vertex -41.5776 19.3332 2.5
    endloop
  endfacet
  facet normal -0.0783568 0.996925 0
    outer loop
      vertex -42 19.3 2.5
      vertex -41.5776 19.3332 0.5
      vertex -42 19.3 0.5
    endloop
  endfacet
  facet normal -0.972364 -0.233471 0
    outer loop
      vertex -39.3332 22.4224 0.5
      vertex -39.4321 22.8343 2.5
      vertex -39.4321 22.8343 0.5
    endloop
  endfacet
  facet normal -0.972364 -0.233471 0
    outer loop
      vertex -39.4321 22.8343 2.5
      vertex -39.3332 22.4224 0.5
      vertex -39.3332 22.4224 2.5
    endloop
  endfacet
  facet normal -0.996925 -0.0783568 0
    outer loop
      vertex -39.3 22 0.5
      vertex -39.3332 22.4224 2.5
      vertex -39.3332 22.4224 0.5
    endloop
  endfacet
  facet normal -0.996925 -0.0783568 0
    outer loop
      vertex -39.3332 22.4224 2.5
      vertex -39.3 22 0.5
      vertex -39.3 22 2.5
    endloop
  endfacet
  facet normal -0.92385 -0.382755 0
    outer loop
      vertex -39.4321 22.8343 0.5
      vertex -39.5943 23.2258 2.5
      vertex -39.5943 23.2258 0.5
    endloop
  endfacet
  facet normal -0.92385 -0.382755 0
    outer loop
      vertex -39.5943 23.2258 2.5
      vertex -39.4321 22.8343 0.5
      vertex -39.4321 22.8343 2.5
    endloop
  endfacet
  facet normal -0.522595 0.852581 0
    outer loop
      vertex -40.413 19.8157 0.5
      vertex -40.7742 19.5943 2.5
      vertex -40.413 19.8157 2.5
    endloop
  endfacet
  facet normal -0.522595 0.852581 0
    outer loop
      vertex -40.7742 19.5943 2.5
      vertex -40.413 19.8157 0.5
      vertex -40.7742 19.5943 0.5
    endloop
  endfacet
  facet normal -0.852581 -0.522595 0
    outer loop
      vertex -39.5943 23.2258 0.5
      vertex -39.8157 23.587 2.5
      vertex -39.8157 23.587 0.5
    endloop
  endfacet
  facet normal -0.852581 -0.522595 0
    outer loop
      vertex -39.8157 23.587 2.5
      vertex -39.5943 23.2258 0.5
      vertex -39.5943 23.2258 2.5
    endloop
  endfacet
  facet normal -0.760505 -0.649332 0
    outer loop
      vertex -39.8157 23.587 0.5
      vertex -40.0908 23.9092 2.5
      vertex -40.0908 23.9092 0.5
    endloop
  endfacet
  facet normal -0.760505 -0.649332 0
    outer loop
      vertex -40.0908 23.9092 2.5
      vertex -39.8157 23.587 0.5
      vertex -39.8157 23.587 2.5
    endloop
  endfacet
  facet normal 0.996925 -0.0783568 0
    outer loop
      vertex -44.7 22 2.5
      vertex -44.6668 22.4224 0.5
      vertex -44.6668 22.4224 2.5
    endloop
  endfacet
  facet normal 0.996925 -0.0783568 0
    outer loop
      vertex -44.6668 22.4224 0.5
      vertex -44.7 22 2.5
      vertex -44.7 22 0.5
    endloop
  endfacet
  facet normal -0.233471 0.972364 0
    outer loop
      vertex -41.1657 19.4321 0.5
      vertex -41.5776 19.3332 2.5
      vertex -41.1657 19.4321 2.5
    endloop
  endfacet
  facet normal -0.233471 0.972364 0
    outer loop
      vertex -41.5776 19.3332 2.5
      vertex -41.1657 19.4321 0.5
      vertex -41.5776 19.3332 0.5
    endloop
  endfacet
  facet normal 0.852581 0.522595 0
    outer loop
      vertex -44.1843 20.413 2.5
      vertex -44.4057 20.7742 0.5
      vertex -44.4057 20.7742 2.5
    endloop
  endfacet
  facet normal 0.852581 0.522595 0
    outer loop
      vertex -44.4057 20.7742 0.5
      vertex -44.1843 20.413 2.5
      vertex -44.1843 20.413 0.5
    endloop
  endfacet
  facet normal 0.92385 0.382755 0
    outer loop
      vertex -44.4057 20.7742 2.5
      vertex -44.5679 21.1657 0.5
      vertex -44.5679 21.1657 2.5
    endloop
  endfacet
  facet normal 0.92385 0.382755 0
    outer loop
      vertex -44.5679 21.1657 0.5
      vertex -44.4057 20.7742 2.5
      vertex -44.4057 20.7742 0.5
    endloop
  endfacet
  facet normal -0.522595 -0.852581 0
    outer loop
      vertex -40.7742 24.4057 0.5
      vertex -40.413 24.1843 2.5
      vertex -40.7742 24.4057 2.5
    endloop
  endfacet
  facet normal -0.522595 -0.852581 -0
    outer loop
      vertex -40.413 24.1843 2.5
      vertex -40.7742 24.4057 0.5
      vertex -40.413 24.1843 0.5
    endloop
  endfacet
  facet normal 0.760505 -0.649332 0
    outer loop
      vertex -44.1843 23.587 2.5
      vertex -43.9092 23.9092 0.5
      vertex -43.9092 23.9092 2.5
    endloop
  endfacet
  facet normal 0.760505 -0.649332 0
    outer loop
      vertex -43.9092 23.9092 0.5
      vertex -44.1843 23.587 2.5
      vertex -44.1843 23.587 0.5
    endloop
  endfacet
  facet normal 0.996925 0.0783568 0
    outer loop
      vertex -44.6668 21.5776 2.5
      vertex -44.7 22 0.5
      vertex -44.7 22 2.5
    endloop
  endfacet
  facet normal 0.996925 0.0783568 0
    outer loop
      vertex -44.7 22 0.5
      vertex -44.6668 21.5776 2.5
      vertex -44.6668 21.5776 0.5
    endloop
  endfacet
  facet normal -0.760505 0.649332 0
    outer loop
      vertex -40.0908 20.0908 0.5
      vertex -39.8157 20.413 2.5
      vertex -39.8157 20.413 0.5
    endloop
  endfacet
  facet normal -0.760505 0.649332 0
    outer loop
      vertex -39.8157 20.413 2.5
      vertex -40.0908 20.0908 0.5
      vertex -40.0908 20.0908 2.5
    endloop
  endfacet
  facet normal -0.852581 0.522595 0
    outer loop
      vertex -39.8157 20.413 0.5
      vertex -39.5943 20.7742 2.5
      vertex -39.5943 20.7742 0.5
    endloop
  endfacet
  facet normal -0.852581 0.522595 0
    outer loop
      vertex -39.5943 20.7742 2.5
      vertex -39.8157 20.413 0.5
      vertex -39.8157 20.413 2.5
    endloop
  endfacet
  facet normal 0.233471 0.972364 -0
    outer loop
      vertex -42.4224 19.3332 0.5
      vertex -42.8343 19.4321 2.5
      vertex -42.4224 19.3332 2.5
    endloop
  endfacet
  facet normal 0.233471 0.972364 0
    outer loop
      vertex -42.8343 19.4321 2.5
      vertex -42.4224 19.3332 0.5
      vertex -42.8343 19.4321 0.5
    endloop
  endfacet
  facet normal 0.972364 0.233471 0
    outer loop
      vertex -44.5679 21.1657 2.5
      vertex -44.6668 21.5776 0.5
      vertex -44.6668 21.5776 2.5
    endloop
  endfacet
  facet normal 0.972364 0.233471 0
    outer loop
      vertex -44.6668 21.5776 0.5
      vertex -44.5679 21.1657 2.5
      vertex -44.5679 21.1657 0.5
    endloop
  endfacet
  facet normal 0.382755 0.92385 -0
    outer loop
      vertex -42.8343 19.4321 0.5
      vertex -43.2258 19.5943 2.5
      vertex -42.8343 19.4321 2.5
    endloop
  endfacet
  facet normal 0.382755 0.92385 0
    outer loop
      vertex -43.2258 19.5943 2.5
      vertex -42.8343 19.4321 0.5
      vertex -43.2258 19.5943 0.5
    endloop
  endfacet
  facet normal -0.996925 0.0783568 0
    outer loop
      vertex -39.3332 21.5776 0.5
      vertex -39.3 22 2.5
      vertex -39.3 22 0.5
    endloop
  endfacet
  facet normal -0.996925 0.0783568 0
    outer loop
      vertex -39.3 22 2.5
      vertex -39.3332 21.5776 0.5
      vertex -39.3332 21.5776 2.5
    endloop
  endfacet
  facet normal -0.972364 0.233471 0
    outer loop
      vertex -39.4321 21.1657 0.5
      vertex -39.3332 21.5776 2.5
      vertex -39.3332 21.5776 0.5
    endloop
  endfacet
  facet normal -0.972364 0.233471 0
    outer loop
      vertex -39.3332 21.5776 2.5
      vertex -39.4321 21.1657 0.5
      vertex -39.4321 21.1657 2.5
    endloop
  endfacet
  facet normal 0.649332 -0.760505 0
    outer loop
      vertex -43.9092 23.9092 0.5
      vertex -43.587 24.1843 2.5
      vertex -43.9092 23.9092 2.5
    endloop
  endfacet
  facet normal 0.649332 -0.760505 0
    outer loop
      vertex -43.587 24.1843 2.5
      vertex -43.9092 23.9092 0.5
      vertex -43.587 24.1843 0.5
    endloop
  endfacet
  facet normal 0.382755 -0.92385 0
    outer loop
      vertex -43.2258 24.4057 0.5
      vertex -42.8343 24.5679 2.5
      vertex -43.2258 24.4057 2.5
    endloop
  endfacet
  facet normal 0.382755 -0.92385 0
    outer loop
      vertex -42.8343 24.5679 2.5
      vertex -43.2258 24.4057 0.5
      vertex -42.8343 24.5679 0.5
    endloop
  endfacet
  facet normal -0.649332 -0.760505 0
    outer loop
      vertex -40.413 24.1843 0.5
      vertex -40.0908 23.9092 2.5
      vertex -40.413 24.1843 2.5
    endloop
  endfacet
  facet normal -0.649332 -0.760505 -0
    outer loop
      vertex -40.0908 23.9092 2.5
      vertex -40.413 24.1843 0.5
      vertex -40.0908 23.9092 0.5
    endloop
  endfacet
  facet normal 0.852581 -0.522595 0
    outer loop
      vertex -44.4057 23.2258 2.5
      vertex -44.1843 23.587 0.5
      vertex -44.1843 23.587 2.5
    endloop
  endfacet
  facet normal 0.852581 -0.522595 0
    outer loop
      vertex -44.1843 23.587 0.5
      vertex -44.4057 23.2258 2.5
      vertex -44.4057 23.2258 0.5
    endloop
  endfacet
  facet normal 0.92385 -0.382755 0
    outer loop
      vertex -44.5679 22.8343 2.5
      vertex -44.4057 23.2258 0.5
      vertex -44.4057 23.2258 2.5
    endloop
  endfacet
  facet normal 0.92385 -0.382755 0
    outer loop
      vertex -44.4057 23.2258 0.5
      vertex -44.5679 22.8343 2.5
      vertex -44.5679 22.8343 0.5
    endloop
  endfacet
  facet normal 0.233471 -0.972364 0
    outer loop
      vertex -42.8343 24.5679 0.5
      vertex -42.4224 24.6668 2.5
      vertex -42.8343 24.5679 2.5
    endloop
  endfacet
  facet normal 0.233471 -0.972364 0
    outer loop
      vertex -42.4224 24.6668 2.5
      vertex -42.8343 24.5679 0.5
      vertex -42.4224 24.6668 0.5
    endloop
  endfacet
  facet normal 0.0783568 -0.996925 0
    outer loop
      vertex -42.4224 24.6668 0.5
      vertex -42 24.7 2.5
      vertex -42.4224 24.6668 2.5
    endloop
  endfacet
  facet normal 0.0783568 -0.996925 0
    outer loop
      vertex -42 24.7 2.5
      vertex -42.4224 24.6668 0.5
      vertex -42 24.7 0.5
    endloop
  endfacet
  facet normal 0.649332 0.760505 -0
    outer loop
      vertex -43.587 19.8157 0.5
      vertex -43.9092 20.0908 2.5
      vertex -43.587 19.8157 2.5
    endloop
  endfacet
  facet normal 0.649332 0.760505 0
    outer loop
      vertex -43.9092 20.0908 2.5
      vertex -43.587 19.8157 0.5
      vertex -43.9092 20.0908 0.5
    endloop
  endfacet
  facet normal -0.0783568 -0.996925 0
    outer loop
      vertex -42 24.7 0.5
      vertex -41.5776 24.6668 2.5
      vertex -42 24.7 2.5
    endloop
  endfacet
  facet normal -0.0783568 -0.996925 -0
    outer loop
      vertex -41.5776 24.6668 2.5
      vertex -42 24.7 0.5
      vertex -41.5776 24.6668 0.5
    endloop
  endfacet
  facet normal 0.760505 0.649332 0
    outer loop
      vertex -43.9092 20.0908 2.5
      vertex -44.1843 20.413 0.5
      vertex -44.1843 20.413 2.5
    endloop
  endfacet
  facet normal 0.760505 0.649332 0
    outer loop
      vertex -44.1843 20.413 0.5
      vertex -43.9092 20.0908 2.5
      vertex -43.9092 20.0908 0.5
    endloop
  endfacet
  facet normal -0.649332 0.760505 0
    outer loop
      vertex -40.0908 20.0908 0.5
      vertex -40.413 19.8157 2.5
      vertex -40.0908 20.0908 2.5
    endloop
  endfacet
  facet normal -0.649332 0.760505 0
    outer loop
      vertex -40.413 19.8157 2.5
      vertex -40.0908 20.0908 0.5
      vertex -40.413 19.8157 0.5
    endloop
  endfacet
  facet normal -0.382755 -0.92385 0
    outer loop
      vertex -41.1657 24.5679 0.5
      vertex -40.7742 24.4057 2.5
      vertex -41.1657 24.5679 2.5
    endloop
  endfacet
  facet normal -0.382755 -0.92385 -0
    outer loop
      vertex -40.7742 24.4057 2.5
      vertex -41.1657 24.5679 0.5
      vertex -40.7742 24.4057 0.5
    endloop
  endfacet
  facet normal 0.972364 -0.233471 0
    outer loop
      vertex -44.6668 22.4224 2.5
      vertex -44.5679 22.8343 0.5
      vertex -44.5679 22.8343 2.5
    endloop
  endfacet
  facet normal 0.972364 -0.233471 0
    outer loop
      vertex -44.5679 22.8343 0.5
      vertex -44.6668 22.4224 2.5
      vertex -44.6668 22.4224 0.5
    endloop
  endfacet
  facet normal -0.233471 -0.972364 0
    outer loop
      vertex -41.5776 24.6668 0.5
      vertex -41.1657 24.5679 2.5
      vertex -41.5776 24.6668 2.5
    endloop
  endfacet
  facet normal -0.233471 -0.972364 -0
    outer loop
      vertex -41.1657 24.5679 2.5
      vertex -41.5776 24.6668 0.5
      vertex -41.1657 24.5679 0.5
    endloop
  endfacet
  facet normal -0.92385 0.382755 0
    outer loop
      vertex -39.5943 20.7742 0.5
      vertex -39.4321 21.1657 2.5
      vertex -39.4321 21.1657 0.5
    endloop
  endfacet
  facet normal -0.92385 0.382755 0
    outer loop
      vertex -39.4321 21.1657 2.5
      vertex -39.5943 20.7742 0.5
      vertex -39.5943 20.7742 2.5
    endloop
  endfacet
  facet normal -0.382755 0.92385 0
    outer loop
      vertex -40.7742 19.5943 0.5
      vertex -41.1657 19.4321 2.5
      vertex -40.7742 19.5943 2.5
    endloop
  endfacet
  facet normal -0.382755 0.92385 0
    outer loop
      vertex -41.1657 19.4321 2.5
      vertex -40.7742 19.5943 0.5
      vertex -41.1657 19.4321 0.5
    endloop
  endfacet
  facet normal 0.522595 -0.852581 0
    outer loop
      vertex -43.587 24.1843 0.5
      vertex -43.2258 24.4057 2.5
      vertex -43.587 24.1843 2.5
    endloop
  endfacet
  facet normal 0.522595 -0.852581 0
    outer loop
      vertex -43.2258 24.4057 2.5
      vertex -43.587 24.1843 0.5
      vertex -43.2258 24.4057 0.5
    endloop
  endfacet
  facet normal 0.0783568 0.996925 -0
    outer loop
      vertex -42 19.3 0.5
      vertex -42.4224 19.3332 2.5
      vertex -42 19.3 2.5
    endloop
  endfacet
  facet normal 0.0783568 0.996925 0
    outer loop
      vertex -42.4224 19.3332 2.5
      vertex -42 19.3 0.5
      vertex -42.4224 19.3332 0.5
    endloop
  endfacet
  facet normal 0.522595 0.852581 -0
    outer loop
      vertex -43.2258 19.5943 0.5
      vertex -43.587 19.8157 2.5
      vertex -43.2258 19.5943 2.5
    endloop
  endfacet
  facet normal 0.522595 0.852581 0
    outer loop
      vertex -43.587 19.8157 2.5
      vertex -43.2258 19.5943 0.5
      vertex -43.587 19.8157 0.5
    endloop
  endfacet
  facet normal 0 1 -0
    outer loop
      vertex -39.3442 17.4 2.5
      vertex -44.6558 17.4 6.5
      vertex -39.3442 17.4 6.5
    endloop
  endfacet
  facet normal 0 1 0
    outer loop
      vertex -44.6558 17.4 6.5
      vertex -39.3442 17.4 2.5
      vertex -44.6558 17.4 2.5
    endloop
  endfacet
  facet normal -0.866026 0.499998 0
    outer loop
      vertex -39.3442 17.4 2.5
      vertex -36.6884 22 6.5
      vertex -36.6884 22 2.5
    endloop
  endfacet
  facet normal -0.866026 0.499998 0
    outer loop
      vertex -36.6884 22 6.5
      vertex -39.3442 17.4 2.5
      vertex -39.3442 17.4 6.5
    endloop
  endfacet
  facet normal 0 -1 0
    outer loop
      vertex -44.6558 26.6 2.5
      vertex -39.3442 26.6 6.5
      vertex -44.6558 26.6 6.5
    endloop
  endfacet
  facet normal 0 -1 -0
    outer loop
      vertex -39.3442 26.6 6.5
      vertex -44.6558 26.6 2.5
      vertex -39.3442 26.6 2.5
    endloop
  endfacet
  facet normal -0.866026 -0.499998 0
    outer loop
      vertex -36.6884 22 2.5
      vertex -39.3442 26.6 6.5
      vertex -39.3442 26.6 2.5
    endloop
  endfacet
  facet normal -0.866026 -0.499998 0
    outer loop
      vertex -39.3442 26.6 6.5
      vertex -36.6884 22 2.5
      vertex -36.6884 22 6.5
    endloop
  endfacet
  facet normal 0.866026 -0.499998 0
    outer loop
      vertex -47.3116 22 6.5
      vertex -44.6558 26.6 2.5
      vertex -44.6558 26.6 6.5
    endloop
  endfacet
  facet normal 0.866026 -0.499998 0
    outer loop
      vertex -44.6558 26.6 2.5
      vertex -47.3116 22 6.5
      vertex -47.3116 22 2.5
    endloop
  endfacet
  facet normal 0.866026 0.499998 0
    outer loop
      vertex -44.6558 17.4 6.5
      vertex -47.3116 22 2.5
      vertex -47.3116 22 6.5
    endloop
  endfacet
  facet normal 0.866026 0.499998 0
    outer loop
      vertex -47.3116 22 2.5
      vertex -44.6558 17.4 6.5
      vertex -44.6558 17.4 2.5
    endloop
  endfacet
  facet normal 0 0 1
    outer loop
      vertex -36.6884 22 2.5
      vertex -39.3332 22.4224 2.5
      vertex -39.3 22 2.5
    endloop
  endfacet
  facet normal -0 0 1
    outer loop
      vertex -39.5943 23.2258 2.5
      vertex -36.6884 22 2.5
      vertex -39.3442 26.6 2.5
    endloop
  endfacet
  facet normal 0 0 1
    outer loop
      vertex -36.6884 22 2.5
      vertex -39.4321 22.8343 2.5
      vertex -39.3332 22.4224 2.5
    endloop
  endfacet
  facet normal 0 0 1
    outer loop
      vertex -36.6884 22 2.5
      vertex -39.5943 23.2258 2.5
      vertex -39.4321 22.8343 2.5
    endloop
  endfacet
  facet normal 0 0 1
    outer loop
      vertex -39.3442 26.6 2.5
      vertex -39.8157 23.587 2.5
      vertex -39.5943 23.2258 2.5
    endloop
  endfacet
  facet normal 0 0 1
    outer loop
      vertex -39.3442 26.6 2.5
      vertex -40.0908 23.9092 2.5
      vertex -39.8157 23.587 2.5
    endloop
  endfacet
  facet normal 0 0 1
    outer loop
      vertex -39.3442 26.6 2.5
      vertex -40.413 24.1843 2.5
      vertex -40.0908 23.9092 2.5
    endloop
  endfacet
  facet normal 0 0 1
    outer loop
      vertex -39.3442 26.6 2.5
      vertex -40.7742 24.4057 2.5
      vertex -40.413 24.1843 2.5
    endloop
  endfacet
  facet normal 0 0 1
    outer loop
      vertex -39.3442 26.6 2.5
      vertex -41.1657 24.5679 2.5
      vertex -40.7742 24.4057 2.5
    endloop
  endfacet
  facet normal 0 0 1
    outer loop
      vertex -39.3442 26.6 2.5
      vertex -41.5776 24.6668 2.5
      vertex -41.1657 24.5679 2.5
    endloop
  endfacet
  facet normal 0 0 1
    outer loop
      vertex -39.3442 26.6 2.5
      vertex -42 24.7 2.5
      vertex -41.5776 24.6668 2.5
    endloop
  endfacet
  facet normal -0 0 1
    outer loop
      vertex -44.6558 26.6 2.5
      vertex -42 24.7 2.5
      vertex -39.3442 26.6 2.5
    endloop
  endfacet
  facet normal 0 0 1
    outer loop
      vertex -42 24.7 2.5
      vertex -44.6558 26.6 2.5
      vertex -42.4224 24.6668 2.5
    endloop
  endfacet
  facet normal 0 0 1
    outer loop
      vertex -42.4224 24.6668 2.5
      vertex -44.6558 26.6 2.5
      vertex -42.8343 24.5679 2.5
    endloop
  endfacet
  facet normal 0 0 1
    outer loop
      vertex -42.8343 24.5679 2.5
      vertex -44.6558 26.6 2.5
      vertex -43.2258 24.4057 2.5
    endloop
  endfacet
  facet normal 0 0 1
    outer loop
      vertex -44.6558 26.6 2.5
      vertex -43.587 24.1843 2.5
      vertex -43.2258 24.4057 2.5
    endloop
  endfacet
  facet normal 0 0 1
    outer loop
      vertex -44.6558 26.6 2.5
      vertex -43.9092 23.9092 2.5
      vertex -43.587 24.1843 2.5
    endloop
  endfacet
  facet normal 0 0 1
    outer loop
      vertex -44.6558 26.6 2.5
      vertex -44.1843 23.587 2.5
      vertex -43.9092 23.9092 2.5
    endloop
  endfacet
  facet normal 0 0 1
    outer loop
      vertex -44.6558 26.6 2.5
      vertex -44.4057 23.2258 2.5
      vertex -44.1843 23.587 2.5
    endloop
  endfacet
  facet normal 0 0 1
    outer loop
      vertex -47.3116 22 2.5
      vertex -44.4057 23.2258 2.5
      vertex -44.6558 26.6 2.5
    endloop
  endfacet
  facet normal 0 0 1
    outer loop
      vertex -44.4057 23.2258 2.5
      vertex -47.3116 22 2.5
      vertex -44.5679 22.8343 2.5
    endloop
  endfacet
  facet normal 0 0 1
    outer loop
      vertex -44.5679 22.8343 2.5
      vertex -47.3116 22 2.5
      vertex -44.6668 22.4224 2.5
    endloop
  endfacet
  facet normal 0 0 1
    outer loop
      vertex -44.6668 22.4224 2.5
      vertex -47.3116 22 2.5
      vertex -44.7 22 2.5
    endloop
  endfacet
  facet normal 0 0 1
    outer loop
      vertex -39.3332 21.5776 2.5
      vertex -36.6884 22 2.5
      vertex -39.3 22 2.5
    endloop
  endfacet
  facet normal 0 0 1
    outer loop
      vertex -39.4321 21.1657 2.5
      vertex -36.6884 22 2.5
      vertex -39.3332 21.5776 2.5
    endloop
  endfacet
  facet normal 0 0 1
    outer loop
      vertex -39.5943 20.7742 2.5
      vertex -36.6884 22 2.5
      vertex -39.4321 21.1657 2.5
    endloop
  endfacet
  facet normal 0 0 1
    outer loop
      vertex -36.6884 22 2.5
      vertex -39.5943 20.7742 2.5
      vertex -39.3442 17.4 2.5
    endloop
  endfacet
  facet normal -0 0 1
    outer loop
      vertex -39.8157 20.413 2.5
      vertex -39.3442 17.4 2.5
      vertex -39.5943 20.7742 2.5
    endloop
  endfacet
  facet normal -0 0 1
    outer loop
      vertex -40.0908 20.0908 2.5
      vertex -39.3442 17.4 2.5
      vertex -39.8157 20.413 2.5
    endloop
  endfacet
  facet normal -0 0 1
    outer loop
      vertex -40.413 19.8157 2.5
      vertex -39.3442 17.4 2.5
      vertex -40.0908 20.0908 2.5
    endloop
  endfacet
  facet normal -0 0 1
    outer loop
      vertex -40.7742 19.5943 2.5
      vertex -39.3442 17.4 2.5
      vertex -40.413 19.8157 2.5
    endloop
  endfacet
  facet normal -0 0 1
    outer loop
      vertex -41.1657 19.4321 2.5
      vertex -39.3442 17.4 2.5
      vertex -40.7742 19.5943 2.5
    endloop
  endfacet
  facet normal -0 0 1
    outer loop
      vertex -41.5776 19.3332 2.5
      vertex -39.3442 17.4 2.5
      vertex -41.1657 19.4321 2.5
    endloop
  endfacet
  facet normal -0 0 1
    outer loop
      vertex -42 19.3 2.5
      vertex -39.3442 17.4 2.5
      vertex -41.5776 19.3332 2.5
    endloop
  endfacet
  facet normal 0 0 1
    outer loop
      vertex -44.6558 17.4 2.5
      vertex -42 19.3 2.5
      vertex -42.4224 19.3332 2.5
    endloop
  endfacet
  facet normal 0 0 1
    outer loop
      vertex -44.6558 17.4 2.5
      vertex -42.4224 19.3332 2.5
      vertex -42.8343 19.4321 2.5
    endloop
  endfacet
  facet normal 0 0 1
    outer loop
      vertex -44.6558 17.4 2.5
      vertex -42.8343 19.4321 2.5
      vertex -43.2258 19.5943 2.5
    endloop
  endfacet
  facet normal 0 0 1
    outer loop
      vertex -42 19.3 2.5
      vertex -44.6558 17.4 2.5
      vertex -39.3442 17.4 2.5
    endloop
  endfacet
  facet normal 0 0 1
    outer loop
      vertex -43.587 19.8157 2.5
      vertex -44.6558 17.4 2.5
      vertex -43.2258 19.5943 2.5
    endloop
  endfacet
  facet normal 0 0 1
    outer loop
      vertex -43.9092 20.0908 2.5
      vertex -44.6558 17.4 2.5
      vertex -43.587 19.8157 2.5
    endloop
  endfacet
  facet normal 0 0 1
    outer loop
      vertex -44.1843 20.413 2.5
      vertex -44.6558 17.4 2.5
      vertex -43.9092 20.0908 2.5
    endloop
  endfacet
  facet normal 0 0 1
    outer loop
      vertex -44.4057 20.7742 2.5
      vertex -44.6558 17.4 2.5
      vertex -44.1843 20.413 2.5
    endloop
  endfacet
  facet normal 0 0 1
    outer loop
      vertex -47.3116 22 2.5
      vertex -44.4057 20.7742 2.5
      vertex -44.5679 21.1657 2.5
    endloop
  endfacet
  facet normal 0 0 1
    outer loop
      vertex -47.3116 22 2.5
      vertex -44.5679 21.1657 2.5
      vertex -44.6668 21.5776 2.5
    endloop
  endfacet
  facet normal -0 0 1
    outer loop
      vertex -47.3116 22 2.5
      vertex -44.6668 21.5776 2.5
      vertex -44.7 22 2.5
    endloop
  endfacet
  facet normal 0 0 1
    outer loop
      vertex -44.4057 20.7742 2.5
      vertex -47.3116 22 2.5
      vertex -44.6558 17.4 2.5
    endloop
  endfacet
  facet normal -0.0783568 0.996925 0
    outer loop
      vertex 42.4224 -24.6668 0.5
      vertex 42 -24.7 2.5
      vertex 42.4224 -24.6668 2.5
    endloop
  endfacet
  facet normal -0.0783568 0.996925 0
    outer loop
      vertex 42 -24.7 2.5
      vertex 42.4224 -24.6668 0.5
      vertex 42 -24.7 0.5
    endloop
  endfacet
  facet normal -0.972364 -0.233471 0
    outer loop
      vertex 44.6668 -21.5776 0.5
      vertex 44.5679 -21.1657 2.5
      vertex 44.5679 -21.1657 0.5
    endloop
  endfacet
  facet normal -0.972364 -0.233471 0
    outer loop
      vertex 44.5679 -21.1657 2.5
      vertex 44.6668 -21.5776 0.5
      vertex 44.6668 -21.5776 2.5
    endloop
  endfacet
  facet normal -0.996925 -0.0783568 0
    outer loop
      vertex 44.7 -22 0.5
      vertex 44.6668 -21.5776 2.5
      vertex 44.6668 -21.5776 0.5
    endloop
  endfacet
  facet normal -0.996925 -0.0783568 0
    outer loop
      vertex 44.6668 -21.5776 2.5
      vertex 44.7 -22 0.5
      vertex 44.7 -22 2.5
    endloop
  endfacet
  facet normal -0.92385 -0.382755 0
    outer loop
      vertex 44.5679 -21.1657 0.5
      vertex 44.4057 -20.7742 2.5
      vertex 44.4057 -20.7742 0.5
    endloop
  endfacet
  facet normal -0.92385 -0.382755 0
    outer loop
      vertex 44.4057 -20.7742 2.5
      vertex 44.5679 -21.1657 0.5
      vertex 44.5679 -21.1657 2.5
    endloop
  endfacet
  facet normal -0.522595 0.852581 0
    outer loop
      vertex 43.587 -24.1843 0.5
      vertex 43.2258 -24.4057 2.5
      vertex 43.587 -24.1843 2.5
    endloop
  endfacet
  facet normal -0.522595 0.852581 0
    outer loop
      vertex 43.2258 -24.4057 2.5
      vertex 43.587 -24.1843 0.5
      vertex 43.2258 -24.4057 0.5
    endloop
  endfacet
  facet normal -0.852581 -0.522595 0
    outer loop
      vertex 44.4057 -20.7742 0.5
      vertex 44.1843 -20.413 2.5
      vertex 44.1843 -20.413 0.5
    endloop
  endfacet
  facet normal -0.852581 -0.522595 0
    outer loop
      vertex 44.1843 -20.413 2.5
      vertex 44.4057 -20.7742 0.5
      vertex 44.4057 -20.7742 2.5
    endloop
  endfacet
  facet normal -0.760505 -0.649332 0
    outer loop
      vertex 44.1843 -20.413 0.5
      vertex 43.9092 -20.0908 2.5
      vertex 43.9092 -20.0908 0.5
    endloop
  endfacet
  facet normal -0.760505 -0.649332 0
    outer loop
      vertex 43.9092 -20.0908 2.5
      vertex 44.1843 -20.413 0.5
      vertex 44.1843 -20.413 2.5
    endloop
  endfacet
  facet normal 0.996925 -0.0783568 0
    outer loop
      vertex 39.3 -22 2.5
      vertex 39.3332 -21.5776 0.5
      vertex 39.3332 -21.5776 2.5
    endloop
  endfacet
  facet normal 0.996925 -0.0783568 0
    outer loop
      vertex 39.3332 -21.5776 0.5
      vertex 39.3 -22 2.5
      vertex 39.3 -22 0.5
    endloop
  endfacet
  facet normal -0.233471 0.972364 0
    outer loop
      vertex 42.8343 -24.5679 0.5
      vertex 42.4224 -24.6668 2.5
      vertex 42.8343 -24.5679 2.5
    endloop
  endfacet
  facet normal -0.233471 0.972364 0
    outer loop
      vertex 42.4224 -24.6668 2.5
      vertex 42.8343 -24.5679 0.5
      vertex 42.4224 -24.6668 0.5
    endloop
  endfacet
  facet normal 0.852581 0.522595 0
    outer loop
      vertex 39.8157 -23.587 2.5
      vertex 39.5943 -23.2258 0.5
      vertex 39.5943 -23.2258 2.5
    endloop
  endfacet
  facet normal 0.852581 0.522595 0
    outer loop
      vertex 39.5943 -23.2258 0.5
      vertex 39.8157 -23.587 2.5
      vertex 39.8157 -23.587 0.5
    endloop
  endfacet
  facet normal 0.92385 0.382755 0
    outer loop
      vertex 39.5943 -23.2258 2.5
      vertex 39.4321 -22.8343 0.5
      vertex 39.4321 -22.8343 2.5
    endloop
  endfacet
  facet normal 0.92385 0.382755 0
    outer loop
      vertex 39.4321 -22.8343 0.5
      vertex 39.5943 -23.2258 2.5
      vertex 39.5943 -23.2258 0.5
    endloop
  endfacet
  facet normal -0.522595 -0.852581 0
    outer loop
      vertex 43.2258 -19.5943 0.5
      vertex 43.587 -19.8157 2.5
      vertex 43.2258 -19.5943 2.5
    endloop
  endfacet
  facet normal -0.522595 -0.852581 -0
    outer loop
      vertex 43.587 -19.8157 2.5
      vertex 43.2258 -19.5943 0.5
      vertex 43.587 -19.8157 0.5
    endloop
  endfacet
  facet normal 0.522595 -0.852581 0
    outer loop
      vertex 40.413 -19.8157 0.5
      vertex 40.7742 -19.5943 2.5
      vertex 40.413 -19.8157 2.5
    endloop
  endfacet
  facet normal 0.522595 -0.852581 0
    outer loop
      vertex 40.7742 -19.5943 2.5
      vertex 40.413 -19.8157 0.5
      vertex 40.7742 -19.5943 0.5
    endloop
  endfacet
  facet normal 0.760505 -0.649332 0
    outer loop
      vertex 39.8157 -20.413 2.5
      vertex 40.0908 -20.0908 0.5
      vertex 40.0908 -20.0908 2.5
    endloop
  endfacet
  facet normal 0.760505 -0.649332 0
    outer loop
      vertex 40.0908 -20.0908 0.5
      vertex 39.8157 -20.413 2.5
      vertex 39.8157 -20.413 0.5
    endloop
  endfacet
  facet normal 0.996925 0.0783568 0
    outer loop
      vertex 39.3332 -22.4224 2.5
      vertex 39.3 -22 0.5
      vertex 39.3 -22 2.5
    endloop
  endfacet
  facet normal 0.996925 0.0783568 0
    outer loop
      vertex 39.3 -22 0.5
      vertex 39.3332 -22.4224 2.5
      vertex 39.3332 -22.4224 0.5
    endloop
  endfacet
  facet normal -0.760505 0.649332 0
    outer loop
      vertex 43.9092 -23.9092 0.5
      vertex 44.1843 -23.587 2.5
      vertex 44.1843 -23.587 0.5
    endloop
  endfacet
  facet normal -0.760505 0.649332 0
    outer loop
      vertex 44.1843 -23.587 2.5
      vertex 43.9092 -23.9092 0.5
      vertex 43.9092 -23.9092 2.5
    endloop
  endfacet
  facet normal -0.852581 0.522595 0
    outer loop
      vertex 44.1843 -23.587 0.5
      vertex 44.4057 -23.2258 2.5
      vertex 44.4057 -23.2258 0.5
    endloop
  endfacet
  facet normal -0.852581 0.522595 0
    outer loop
      vertex 44.4057 -23.2258 2.5
      vertex 44.1843 -23.587 0.5
      vertex 44.1843 -23.587 2.5
    endloop
  endfacet
  facet normal 0.233471 0.972364 -0
    outer loop
      vertex 41.5776 -24.6668 0.5
      vertex 41.1657 -24.5679 2.5
      vertex 41.5776 -24.6668 2.5
    endloop
  endfacet
  facet normal 0.233471 0.972364 0
    outer loop
      vertex 41.1657 -24.5679 2.5
      vertex 41.5776 -24.6668 0.5
      vertex 41.1657 -24.5679 0.5
    endloop
  endfacet
  facet normal 0.972364 0.233471 0
    outer loop
      vertex 39.4321 -22.8343 2.5
      vertex 39.3332 -22.4224 0.5
      vertex 39.3332 -22.4224 2.5
    endloop
  endfacet
  facet normal 0.972364 0.233471 0
    outer loop
      vertex 39.3332 -22.4224 0.5
      vertex 39.4321 -22.8343 2.5
      vertex 39.4321 -22.8343 0.5
    endloop
  endfacet
  facet normal 0.382755 0.92385 -0
    outer loop
      vertex 41.1657 -24.5679 0.5
      vertex 40.7742 -24.4057 2.5
      vertex 41.1657 -24.5679 2.5
    endloop
  endfacet
  facet normal 0.382755 0.92385 0
    outer loop
      vertex 40.7742 -24.4057 2.5
      vertex 41.1657 -24.5679 0.5
      vertex 40.7742 -24.4057 0.5
    endloop
  endfacet
  facet normal -0.996925 0.0783568 0
    outer loop
      vertex 44.6668 -22.4224 0.5
      vertex 44.7 -22 2.5
      vertex 44.7 -22 0.5
    endloop
  endfacet
  facet normal -0.996925 0.0783568 0
    outer loop
      vertex 44.7 -22 2.5
      vertex 44.6668 -22.4224 0.5
      vertex 44.6668 -22.4224 2.5
    endloop
  endfacet
  facet normal -0.972364 0.233471 0
    outer loop
      vertex 44.5679 -22.8343 0.5
      vertex 44.6668 -22.4224 2.5
      vertex 44.6668 -22.4224 0.5
    endloop
  endfacet
  facet normal -0.972364 0.233471 0
    outer loop
      vertex 44.6668 -22.4224 2.5
      vertex 44.5679 -22.8343 0.5
      vertex 44.5679 -22.8343 2.5
    endloop
  endfacet
  facet normal 0.649332 -0.760505 0
    outer loop
      vertex 40.0908 -20.0908 0.5
      vertex 40.413 -19.8157 2.5
      vertex 40.0908 -20.0908 2.5
    endloop
  endfacet
  facet normal 0.649332 -0.760505 0
    outer loop
      vertex 40.413 -19.8157 2.5
      vertex 40.0908 -20.0908 0.5
      vertex 40.413 -19.8157 0.5
    endloop
  endfacet
  facet normal 0.382755 -0.92385 0
    outer loop
      vertex 40.7742 -19.5943 0.5
      vertex 41.1657 -19.4321 2.5
      vertex 40.7742 -19.5943 2.5
    endloop
  endfacet
  facet normal 0.382755 -0.92385 0
    outer loop
      vertex 41.1657 -19.4321 2.5
      vertex 40.7742 -19.5943 0.5
      vertex 41.1657 -19.4321 0.5
    endloop
  endfacet
  facet normal -0.649332 -0.760505 0
    outer loop
      vertex 43.587 -19.8157 0.5
      vertex 43.9092 -20.0908 2.5
      vertex 43.587 -19.8157 2.5
    endloop
  endfacet
  facet normal -0.649332 -0.760505 -0
    outer loop
      vertex 43.9092 -20.0908 2.5
      vertex 43.587 -19.8157 0.5
      vertex 43.9092 -20.0908 0.5
    endloop
  endfacet
  facet normal 0.852581 -0.522595 0
    outer loop
      vertex 39.5943 -20.7742 2.5
      vertex 39.8157 -20.413 0.5
      vertex 39.8157 -20.413 2.5
    endloop
  endfacet
  facet normal 0.852581 -0.522595 0
    outer loop
      vertex 39.8157 -20.413 0.5
      vertex 39.5943 -20.7742 2.5
      vertex 39.5943 -20.7742 0.5
    endloop
  endfacet
  facet normal 0.92385 -0.382755 0
    outer loop
      vertex 39.4321 -21.1657 2.5
      vertex 39.5943 -20.7742 0.5
      vertex 39.5943 -20.7742 2.5
    endloop
  endfacet
  facet normal 0.92385 -0.382755 0
    outer loop
      vertex 39.5943 -20.7742 0.5
      vertex 39.4321 -21.1657 2.5
      vertex 39.4321 -21.1657 0.5
    endloop
  endfacet
  facet normal 0.233471 -0.972364 0
    outer loop
      vertex 41.1657 -19.4321 0.5
      vertex 41.5776 -19.3332 2.5
      vertex 41.1657 -19.4321 2.5
    endloop
  endfacet
  facet normal 0.233471 -0.972364 0
    outer loop
      vertex 41.5776 -19.3332 2.5
      vertex 41.1657 -19.4321 0.5
      vertex 41.5776 -19.3332 0.5
    endloop
  endfacet
  facet normal 0.0783568 -0.996925 0
    outer loop
      vertex 41.5776 -19.3332 0.5
      vertex 42 -19.3 2.5
      vertex 41.5776 -19.3332 2.5
    endloop
  endfacet
  facet normal 0.0783568 -0.996925 0
    outer loop
      vertex 42 -19.3 2.5
      vertex 41.5776 -19.3332 0.5
      vertex 42 -19.3 0.5
    endloop
  endfacet
  facet normal 0.649332 0.760505 -0
    outer loop
      vertex 40.413 -24.1843 0.5
      vertex 40.0908 -23.9092 2.5
      vertex 40.413 -24.1843 2.5
    endloop
  endfacet
  facet normal 0.649332 0.760505 0
    outer loop
      vertex 40.0908 -23.9092 2.5
      vertex 40.413 -24.1843 0.5
      vertex 40.0908 -23.9092 0.5
    endloop
  endfacet
  facet normal 0.760505 0.649332 0
    outer loop
      vertex 40.0908 -23.9092 2.5
      vertex 39.8157 -23.587 0.5
      vertex 39.8157 -23.587 2.5
    endloop
  endfacet
  facet normal 0.760505 0.649332 0
    outer loop
      vertex 39.8157 -23.587 0.5
      vertex 40.0908 -23.9092 2.5
      vertex 40.0908 -23.9092 0.5
    endloop
  endfacet
  facet normal -0.649332 0.760505 0
    outer loop
      vertex 43.9092 -23.9092 0.5
      vertex 43.587 -24.1843 2.5
      vertex 43.9092 -23.9092 2.5
    endloop
  endfacet
  facet normal -0.649332 0.760505 0
    outer loop
      vertex 43.587 -24.1843 2.5
      vertex 43.9092 -23.9092 0.5
      vertex 43.587 -24.1843 0.5
    endloop
  endfacet
  facet normal -0.382755 -0.92385 0
    outer loop
      vertex 42.8343 -19.4321 0.5
      vertex 43.2258 -19.5943 2.5
      vertex 42.8343 -19.4321 2.5
    endloop
  endfacet
  facet normal -0.382755 -0.92385 -0
    outer loop
      vertex 43.2258 -19.5943 2.5
      vertex 42.8343 -19.4321 0.5
      vertex 43.2258 -19.5943 0.5
    endloop
  endfacet
  facet normal 0.972364 -0.233471 0
    outer loop
      vertex 39.3332 -21.5776 2.5
      vertex 39.4321 -21.1657 0.5
      vertex 39.4321 -21.1657 2.5
    endloop
  endfacet
  facet normal 0.972364 -0.233471 0
    outer loop
      vertex 39.4321 -21.1657 0.5
      vertex 39.3332 -21.5776 2.5
      vertex 39.3332 -21.5776 0.5
    endloop
  endfacet
  facet normal -0.233471 -0.972364 0
    outer loop
      vertex 42.4224 -19.3332 0.5
      vertex 42.8343 -19.4321 2.5
      vertex 42.4224 -19.3332 2.5
    endloop
  endfacet
  facet normal -0.233471 -0.972364 -0
    outer loop
      vertex 42.8343 -19.4321 2.5
      vertex 42.4224 -19.3332 0.5
      vertex 42.8343 -19.4321 0.5
    endloop
  endfacet
  facet normal -0.92385 0.382755 0
    outer loop
      vertex 44.4057 -23.2258 0.5
      vertex 44.5679 -22.8343 2.5
      vertex 44.5679 -22.8343 0.5
    endloop
  endfacet
  facet normal -0.92385 0.382755 0
    outer loop
      vertex 44.5679 -22.8343 2.5
      vertex 44.4057 -23.2258 0.5
      vertex 44.4057 -23.2258 2.5
    endloop
  endfacet
  facet normal -0.382755 0.92385 0
    outer loop
      vertex 43.2258 -24.4057 0.5
      vertex 42.8343 -24.5679 2.5
      vertex 43.2258 -24.4057 2.5
    endloop
  endfacet
  facet normal -0.382755 0.92385 0
    outer loop
      vertex 42.8343 -24.5679 2.5
      vertex 43.2258 -24.4057 0.5
      vertex 42.8343 -24.5679 0.5
    endloop
  endfacet
  facet normal -0.0783568 -0.996925 0
    outer loop
      vertex 42 -19.3 0.5
      vertex 42.4224 -19.3332 2.5
      vertex 42 -19.3 2.5
    endloop
  endfacet
  facet normal -0.0783568 -0.996925 -0
    outer loop
      vertex 42.4224 -19.3332 2.5
      vertex 42 -19.3 0.5
      vertex 42.4224 -19.3332 0.5
    endloop
  endfacet
  facet normal 0.0783568 0.996925 -0
    outer loop
      vertex 42 -24.7 0.5
      vertex 41.5776 -24.6668 2.5
      vertex 42 -24.7 2.5
    endloop
  endfacet
  facet normal 0.0783568 0.996925 0
    outer loop
      vertex 41.5776 -24.6668 2.5
      vertex 42 -24.7 0.5
      vertex 41.5776 -24.6668 0.5
    endloop
  endfacet
  facet normal 0.522595 0.852581 -0
    outer loop
      vertex 40.7742 -24.4057 0.5
      vertex 40.413 -24.1843 2.5
      vertex 40.7742 -24.4057 2.5
    endloop
  endfacet
  facet normal 0.522595 0.852581 0
    outer loop
      vertex 40.413 -24.1843 2.5
      vertex 40.7742 -24.4057 0.5
      vertex 40.413 -24.1843 0.5
    endloop
  endfacet
  facet normal 0 1 -0
    outer loop
      vertex 44.6558 -26.6 2.5
      vertex 39.3442 -26.6 6.5
      vertex 44.6558 -26.6 6.5
    endloop
  endfacet
  facet normal 0 1 0
    outer loop
      vertex 39.3442 -26.6 6.5
      vertex 44.6558 -26.6 2.5
      vertex 39.3442 -26.6 2.5
    endloop
  endfacet
  facet normal -0.866026 0.499998 0
    outer loop
      vertex 44.6558 -26.6 2.5
      vertex 47.3116 -22 6.5
      vertex 47.3116 -22 2.5
    endloop
  endfacet
  facet normal -0.866026 0.499998 0
    outer loop
      vertex 47.3116 -22 6.5
      vertex 44.6558 -26.6 2.5
      vertex 44.6558 -26.6 6.5
    endloop
  endfacet
  facet normal 0 -1 0
    outer loop
      vertex 39.3442 -17.4 2.5
      vertex 44.6558 -17.4 6.5
      vertex 39.3442 -17.4 6.5
    endloop
  endfacet
  facet normal 0 -1 -0
    outer loop
      vertex 44.6558 -17.4 6.5
      vertex 39.3442 -17.4 2.5
      vertex 44.6558 -17.4 2.5
    endloop
  endfacet
  facet normal -0.866026 -0.499998 0
    outer loop
      vertex 47.3116 -22 2.5
      vertex 44.6558 -17.4 6.5
      vertex 44.6558 -17.4 2.5
    endloop
  endfacet
  facet normal -0.866026 -0.499998 0
    outer loop
      vertex 44.6558 -17.4 6.5
      vertex 47.3116 -22 2.5
      vertex 47.3116 -22 6.5
    endloop
  endfacet
  facet normal 0.866026 -0.499998 0
    outer loop
      vertex 36.6884 -22 6.5
      vertex 39.3442 -17.4 2.5
      vertex 39.3442 -17.4 6.5
    endloop
  endfacet
  facet normal 0.866026 -0.499998 0
    outer loop
      vertex 39.3442 -17.4 2.5
      vertex 36.6884 -22 6.5
      vertex 36.6884 -22 2.5
    endloop
  endfacet
  facet normal 0.866026 0.499998 0
    outer loop
      vertex 39.3442 -26.6 6.5
      vertex 36.6884 -22 2.5
      vertex 36.6884 -22 6.5
    endloop
  endfacet
  facet normal 0.866026 0.499998 0
    outer loop
      vertex 36.6884 -22 2.5
      vertex 39.3442 -26.6 6.5
      vertex 39.3442 -26.6 2.5
    endloop
  endfacet
  facet normal 0 0 1
    outer loop
      vertex 47.3116 -22 2.5
      vertex 44.6668 -21.5776 2.5
      vertex 44.7 -22 2.5
    endloop
  endfacet
  facet normal -0 0 1
    outer loop
      vertex 44.4057 -20.7742 2.5
      vertex 47.3116 -22 2.5
      vertex 44.6558 -17.4 2.5
    endloop
  endfacet
  facet normal 0 0 1
    outer loop
      vertex 47.3116 -22 2.5
      vertex 44.5679 -21.1657 2.5
      vertex 44.6668 -21.5776 2.5
    endloop
  endfacet
  facet normal 0 0 1
    outer loop
      vertex 47.3116 -22 2.5
      vertex 44.4057 -20.7742 2.5
      vertex 44.5679 -21.1657 2.5
    endloop
  endfacet
  facet normal 0 0 1
    outer loop
      vertex 44.6558 -17.4 2.5
      vertex 44.1843 -20.413 2.5
      vertex 44.4057 -20.7742 2.5
    endloop
  endfacet
  facet normal 0 0 1
    outer loop
      vertex 44.6558 -17.4 2.5
      vertex 43.9092 -20.0908 2.5
      vertex 44.1843 -20.413 2.5
    endloop
  endfacet
  facet normal 0 0 1
    outer loop
      vertex 44.6558 -17.4 2.5
      vertex 43.587 -19.8157 2.5
      vertex 43.9092 -20.0908 2.5
    endloop
  endfacet
  facet normal 0 0 1
    outer loop
      vertex 44.6558 -17.4 2.5
      vertex 43.2258 -19.5943 2.5
      vertex 43.587 -19.8157 2.5
    endloop
  endfacet
  facet normal 0 0 1
    outer loop
      vertex 44.6558 -17.4 2.5
      vertex 42.8343 -19.4321 2.5
      vertex 43.2258 -19.5943 2.5
    endloop
  endfacet
  facet normal 0 0 1
    outer loop
      vertex 44.6558 -17.4 2.5
      vertex 42.4224 -19.3332 2.5
      vertex 42.8343 -19.4321 2.5
    endloop
  endfacet
  facet normal 0 0 1
    outer loop
      vertex 44.6558 -17.4 2.5
      vertex 42 -19.3 2.5
      vertex 42.4224 -19.3332 2.5
    endloop
  endfacet
  facet normal -0 0 1
    outer loop
      vertex 39.3442 -17.4 2.5
      vertex 42 -19.3 2.5
      vertex 44.6558 -17.4 2.5
    endloop
  endfacet
  facet normal 0 0 1
    outer loop
      vertex 42 -19.3 2.5
      vertex 39.3442 -17.4 2.5
      vertex 41.5776 -19.3332 2.5
    endloop
  endfacet
  facet normal 0 0 1
    outer loop
      vertex 41.5776 -19.3332 2.5
      vertex 39.3442 -17.4 2.5
      vertex 41.1657 -19.4321 2.5
    endloop
  endfacet
  facet normal 0 0 1
    outer loop
      vertex 41.1657 -19.4321 2.5
      vertex 39.3442 -17.4 2.5
      vertex 40.7742 -19.5943 2.5
    endloop
  endfacet
  facet normal 0 0 1
    outer loop
      vertex 39.3442 -17.4 2.5
      vertex 40.413 -19.8157 2.5
      vertex 40.7742 -19.5943 2.5
    endloop
  endfacet
  facet normal 0 0 1
    outer loop
      vertex 39.3442 -17.4 2.5
      vertex 40.0908 -20.0908 2.5
      vertex 40.413 -19.8157 2.5
    endloop
  endfacet
  facet normal 0 0 1
    outer loop
      vertex 39.3442 -17.4 2.5
      vertex 39.8157 -20.413 2.5
      vertex 40.0908 -20.0908 2.5
    endloop
  endfacet
  facet normal 0 0 1
    outer loop
      vertex 39.3442 -17.4 2.5
      vertex 39.5943 -20.7742 2.5
      vertex 39.8157 -20.413 2.5
    endloop
  endfacet
  facet normal 0 0 1
    outer loop
      vertex 36.6884 -22 2.5
      vertex 39.5943 -20.7742 2.5
      vertex 39.3442 -17.4 2.5
    endloop
  endfacet
  facet normal 0 0 1
    outer loop
      vertex 39.5943 -20.7742 2.5
      vertex 36.6884 -22 2.5
      vertex 39.4321 -21.1657 2.5
    endloop
  endfacet
  facet normal 0 0 1
    outer loop
      vertex 39.4321 -21.1657 2.5
      vertex 36.6884 -22 2.5
      vertex 39.3332 -21.5776 2.5
    endloop
  endfacet
  facet normal 0 0 1
    outer loop
      vertex 39.3332 -21.5776 2.5
      vertex 36.6884 -22 2.5
      vertex 39.3 -22 2.5
    endloop
  endfacet
  facet normal 0 0 1
    outer loop
      vertex 44.6668 -22.4224 2.5
      vertex 47.3116 -22 2.5
      vertex 44.7 -22 2.5
    endloop
  endfacet
  facet normal 0 0 1
    outer loop
      vertex 44.5679 -22.8343 2.5
      vertex 47.3116 -22 2.5
      vertex 44.6668 -22.4224 2.5
    endloop
  endfacet
  facet normal 0 0 1
    outer loop
      vertex 44.4057 -23.2258 2.5
      vertex 47.3116 -22 2.5
      vertex 44.5679 -22.8343 2.5
    endloop
  endfacet
  facet normal 0 0 1
    outer loop
      vertex 47.3116 -22 2.5
      vertex 44.4057 -23.2258 2.5
      vertex 44.6558 -26.6 2.5
    endloop
  endfacet
  facet normal -0 0 1
    outer loop
      vertex 44.1843 -23.587 2.5
      vertex 44.6558 -26.6 2.5
      vertex 44.4057 -23.2258 2.5
    endloop
  endfacet
  facet normal -0 0 1
    outer loop
      vertex 43.9092 -23.9092 2.5
      vertex 44.6558 -26.6 2.5
      vertex 44.1843 -23.587 2.5
    endloop
  endfacet
  facet normal -0 0 1
    outer loop
      vertex 43.587 -24.1843 2.5
      vertex 44.6558 -26.6 2.5
      vertex 43.9092 -23.9092 2.5
    endloop
  endfacet
  facet normal -0 0 1
    outer loop
      vertex 43.2258 -24.4057 2.5
      vertex 44.6558 -26.6 2.5
      vertex 43.587 -24.1843 2.5
    endloop
  endfacet
  facet normal -0 0 1
    outer loop
      vertex 42.8343 -24.5679 2.5
      vertex 44.6558 -26.6 2.5
      vertex 43.2258 -24.4057 2.5
    endloop
  endfacet
  facet normal -0 0 1
    outer loop
      vertex 42.4224 -24.6668 2.5
      vertex 44.6558 -26.6 2.5
      vertex 42.8343 -24.5679 2.5
    endloop
  endfacet
  facet normal -0 0 1
    outer loop
      vertex 42 -24.7 2.5
      vertex 44.6558 -26.6 2.5
      vertex 42.4224 -24.6668 2.5
    endloop
  endfacet
  facet normal 0 0 1
    outer loop
      vertex 39.3442 -26.6 2.5
      vertex 42 -24.7 2.5
      vertex 41.5776 -24.6668 2.5
    endloop
  endfacet
  facet normal 0 0 1
    outer loop
      vertex 39.3442 -26.6 2.5
      vertex 41.5776 -24.6668 2.5
      vertex 41.1657 -24.5679 2.5
    endloop
  endfacet
  facet normal 0 0 1
    outer loop
      vertex 39.3442 -26.6 2.5
      vertex 41.1657 -24.5679 2.5
      vertex 40.7742 -24.4057 2.5
    endloop
  endfacet
  facet normal 0 0 1
    outer loop
      vertex 42 -24.7 2.5
      vertex 39.3442 -26.6 2.5
      vertex 44.6558 -26.6 2.5
    endloop
  endfacet
  facet normal 0 0 1
    outer loop
      vertex 40.413 -24.1843 2.5
      vertex 39.3442 -26.6 2.5
      vertex 40.7742 -24.4057 2.5
    endloop
  endfacet
  facet normal 0 0 1
    outer loop
      vertex 40.0908 -23.9092 2.5
      vertex 39.3442 -26.6 2.5
      vertex 40.413 -24.1843 2.5
    endloop
  endfacet
  facet normal 0 0 1
    outer loop
      vertex 39.8157 -23.587 2.5
      vertex 39.3442 -26.6 2.5
      vertex 40.0908 -23.9092 2.5
    endloop
  endfacet
  facet normal 0 0 1
    outer loop
      vertex 39.5943 -23.2258 2.5
      vertex 39.3442 -26.6 2.5
      vertex 39.8157 -23.587 2.5
    endloop
  endfacet
  facet normal 0 0 1
    outer loop
      vertex 36.6884 -22 2.5
      vertex 39.5943 -23.2258 2.5
      vertex 39.4321 -22.8343 2.5
    endloop
  endfacet
  facet normal 0 0 1
    outer loop
      vertex 36.6884 -22 2.5
      vertex 39.4321 -22.8343 2.5
      vertex 39.3332 -22.4224 2.5
    endloop
  endfacet
  facet normal -0 0 1
    outer loop
      vertex 36.6884 -22 2.5
      vertex 39.3332 -22.4224 2.5
      vertex 39.3 -22 2.5
    endloop
  endfacet
  facet normal 0 0 1
    outer loop
      vertex 39.5943 -23.2258 2.5
      vertex 36.6884 -22 2.5
      vertex 39.3442 -26.6 2.5
    endloop
  endfacet
  facet normal -0.0783568 0.996925 0
    outer loop
      vertex 42.4224 19.3332 0.5
      vertex 42 19.3 2.5
      vertex 42.4224 19.3332 2.5
    endloop
  endfacet
  facet normal -0.0783568 0.996925 0
    outer loop
      vertex 42 19.3 2.5
      vertex 42.4224 19.3332 0.5
      vertex 42 19.3 0.5
    endloop
  endfacet
  facet normal -0.972364 -0.233471 0
    outer loop
      vertex 44.6668 22.4224 0.5
      vertex 44.5679 22.8343 2.5
      vertex 44.5679 22.8343 0.5
    endloop
  endfacet
  facet normal -0.972364 -0.233471 0
    outer loop
      vertex 44.5679 22.8343 2.5
      vertex 44.6668 22.4224 0.5
      vertex 44.6668 22.4224 2.5
    endloop
  endfacet
  facet normal -0.996925 -0.0783568 0
    outer loop
      vertex 44.7 22 0.5
      vertex 44.6668 22.4224 2.5
      vertex 44.6668 22.4224 0.5
    endloop
  endfacet
  facet normal -0.996925 -0.0783568 0
    outer loop
      vertex 44.6668 22.4224 2.5
      vertex 44.7 22 0.5
      vertex 44.7 22 2.5
    endloop
  endfacet
  facet normal -0.92385 -0.382755 0
    outer loop
      vertex 44.5679 22.8343 0.5
      vertex 44.4057 23.2258 2.5
      vertex 44.4057 23.2258 0.5
    endloop
  endfacet
  facet normal -0.92385 -0.382755 0
    outer loop
      vertex 44.4057 23.2258 2.5
      vertex 44.5679 22.8343 0.5
      vertex 44.5679 22.8343 2.5
    endloop
  endfacet
  facet normal -0.522595 0.852581 0
    outer loop
      vertex 43.587 19.8157 0.5
      vertex 43.2258 19.5943 2.5
      vertex 43.587 19.8157 2.5
    endloop
  endfacet
  facet normal -0.522595 0.852581 0
    outer loop
      vertex 43.2258 19.5943 2.5
      vertex 43.587 19.8157 0.5
      vertex 43.2258 19.5943 0.5
    endloop
  endfacet
  facet normal -0.852581 -0.522595 0
    outer loop
      vertex 44.4057 23.2258 0.5
      vertex 44.1843 23.587 2.5
      vertex 44.1843 23.587 0.5
    endloop
  endfacet
  facet normal -0.852581 -0.522595 0
    outer loop
      vertex 44.1843 23.587 2.5
      vertex 44.4057 23.2258 0.5
      vertex 44.4057 23.2258 2.5
    endloop
  endfacet
  facet normal -0.760505 -0.649332 0
    outer loop
      vertex 44.1843 23.587 0.5
      vertex 43.9092 23.9092 2.5
      vertex 43.9092 23.9092 0.5
    endloop
  endfacet
  facet normal -0.760505 -0.649332 0
    outer loop
      vertex 43.9092 23.9092 2.5
      vertex 44.1843 23.587 0.5
      vertex 44.1843 23.587 2.5
    endloop
  endfacet
  facet normal 0.996925 -0.0783568 0
    outer loop
      vertex 39.3 22 2.5
      vertex 39.3332 22.4224 0.5
      vertex 39.3332 22.4224 2.5
    endloop
  endfacet
  facet normal 0.996925 -0.0783568 0
    outer loop
      vertex 39.3332 22.4224 0.5
      vertex 39.3 22 2.5
      vertex 39.3 22 0.5
    endloop
  endfacet
  facet normal -0.233471 0.972364 0
    outer loop
      vertex 42.8343 19.4321 0.5
      vertex 42.4224 19.3332 2.5
      vertex 42.8343 19.4321 2.5
    endloop
  endfacet
  facet normal -0.233471 0.972364 0
    outer loop
      vertex 42.4224 19.3332 2.5
      vertex 42.8343 19.4321 0.5
      vertex 42.4224 19.3332 0.5
    endloop
  endfacet
  facet normal 0.852581 0.522595 0
    outer loop
      vertex 39.8157 20.413 2.5
      vertex 39.5943 20.7742 0.5
      vertex 39.5943 20.7742 2.5
    endloop
  endfacet
  facet normal 0.852581 0.522595 0
    outer loop
      vertex 39.5943 20.7742 0.5
      vertex 39.8157 20.413 2.5
      vertex 39.8157 20.413 0.5
    endloop
  endfacet
  facet normal 0.92385 0.382755 0
    outer loop
      vertex 39.5943 20.7742 2.5
      vertex 39.4321 21.1657 0.5
      vertex 39.4321 21.1657 2.5
    endloop
  endfacet
  facet normal 0.92385 0.382755 0
    outer loop
      vertex 39.4321 21.1657 0.5
      vertex 39.5943 20.7742 2.5
      vertex 39.5943 20.7742 0.5
    endloop
  endfacet
  facet normal -0.522595 -0.852581 0
    outer loop
      vertex 43.2258 24.4057 0.5
      vertex 43.587 24.1843 2.5
      vertex 43.2258 24.4057 2.5
    endloop
  endfacet
  facet normal -0.522595 -0.852581 -0
    outer loop
      vertex 43.587 24.1843 2.5
      vertex 43.2258 24.4057 0.5
      vertex 43.587 24.1843 0.5
    endloop
  endfacet
  facet normal -0.92385 0.382755 0
    outer loop
      vertex 44.4057 20.7742 0.5
      vertex 44.5679 21.1657 2.5
      vertex 44.5679 21.1657 0.5
    endloop
  endfacet
  facet normal -0.92385 0.382755 0
    outer loop
      vertex 44.5679 21.1657 2.5
      vertex 44.4057 20.7742 0.5
      vertex 44.4057 20.7742 2.5
    endloop
  endfacet
  facet normal 0.522595 -0.852581 0
    outer loop
      vertex 40.413 24.1843 0.5
      vertex 40.7742 24.4057 2.5
      vertex 40.413 24.1843 2.5
    endloop
  endfacet
  facet normal 0.522595 -0.852581 0
    outer loop
      vertex 40.7742 24.4057 2.5
      vertex 40.413 24.1843 0.5
      vertex 40.7742 24.4057 0.5
    endloop
  endfacet
  facet normal 0.760505 -0.649332 0
    outer loop
      vertex 39.8157 23.587 2.5
      vertex 40.0908 23.9092 0.5
      vertex 40.0908 23.9092 2.5
    endloop
  endfacet
  facet normal 0.760505 -0.649332 0
    outer loop
      vertex 40.0908 23.9092 0.5
      vertex 39.8157 23.587 2.5
      vertex 39.8157 23.587 0.5
    endloop
  endfacet
  facet normal 0.996925 0.0783568 0
    outer loop
      vertex 39.3332 21.5776 2.5
      vertex 39.3 22 0.5
      vertex 39.3 22 2.5
    endloop
  endfacet
  facet normal 0.996925 0.0783568 0
    outer loop
      vertex 39.3 22 0.5
      vertex 39.3332 21.5776 2.5
      vertex 39.3332 21.5776 0.5
    endloop
  endfacet
  facet normal -0.760505 0.649332 0
    outer loop
      vertex 43.9092 20.0908 0.5
      vertex 44.1843 20.413 2.5
      vertex 44.1843 20.413 0.5
    endloop
  endfacet
  facet normal -0.760505 0.649332 0
    outer loop
      vertex 44.1843 20.413 2.5
      vertex 43.9092 20.0908 0.5
      vertex 43.9092 20.0908 2.5
    endloop
  endfacet
  facet normal -0.852581 0.522595 0
    outer loop
      vertex 44.1843 20.413 0.5
      vertex 44.4057 20.7742 2.5
      vertex 44.4057 20.7742 0.5
    endloop
  endfacet
  facet normal -0.852581 0.522595 0
    outer loop
      vertex 44.4057 20.7742 2.5
      vertex 44.1843 20.413 0.5
      vertex 44.1843 20.413 2.5
    endloop
  endfacet
  facet normal 0.972364 0.233471 0
    outer loop
      vertex 39.4321 21.1657 2.5
      vertex 39.3332 21.5776 0.5
      vertex 39.3332 21.5776 2.5
    endloop
  endfacet
  facet normal 0.972364 0.233471 0
    outer loop
      vertex 39.3332 21.5776 0.5
      vertex 39.4321 21.1657 2.5
      vertex 39.4321 21.1657 0.5
    endloop
  endfacet
  facet normal 0.382755 0.92385 -0
    outer loop
      vertex 41.1657 19.4321 0.5
      vertex 40.7742 19.5943 2.5
      vertex 41.1657 19.4321 2.5
    endloop
  endfacet
  facet normal 0.382755 0.92385 0
    outer loop
      vertex 40.7742 19.5943 2.5
      vertex 41.1657 19.4321 0.5
      vertex 40.7742 19.5943 0.5
    endloop
  endfacet
  facet normal -0.996925 0.0783568 0
    outer loop
      vertex 44.6668 21.5776 0.5
      vertex 44.7 22 2.5
      vertex 44.7 22 0.5
    endloop
  endfacet
  facet normal -0.996925 0.0783568 0
    outer loop
      vertex 44.7 22 2.5
      vertex 44.6668 21.5776 0.5
      vertex 44.6668 21.5776 2.5
    endloop
  endfacet
  facet normal -0.972364 0.233471 0
    outer loop
      vertex 44.5679 21.1657 0.5
      vertex 44.6668 21.5776 2.5
      vertex 44.6668 21.5776 0.5
    endloop
  endfacet
  facet normal -0.972364 0.233471 0
    outer loop
      vertex 44.6668 21.5776 2.5
      vertex 44.5679 21.1657 0.5
      vertex 44.5679 21.1657 2.5
    endloop
  endfacet
  facet normal 0.649332 -0.760505 0
    outer loop
      vertex 40.0908 23.9092 0.5
      vertex 40.413 24.1843 2.5
      vertex 40.0908 23.9092 2.5
    endloop
  endfacet
  facet normal 0.649332 -0.760505 0
    outer loop
      vertex 40.413 24.1843 2.5
      vertex 40.0908 23.9092 0.5
      vertex 40.413 24.1843 0.5
    endloop
  endfacet
  facet normal 0.382755 -0.92385 0
    outer loop
      vertex 40.7742 24.4057 0.5
      vertex 41.1657 24.5679 2.5
      vertex 40.7742 24.4057 2.5
    endloop
  endfacet
  facet normal 0.382755 -0.92385 0
    outer loop
      vertex 41.1657 24.5679 2.5
      vertex 40.7742 24.4057 0.5
      vertex 41.1657 24.5679 0.5
    endloop
  endfacet
  facet normal -0.649332 -0.760505 0
    outer loop
      vertex 43.587 24.1843 0.5
      vertex 43.9092 23.9092 2.5
      vertex 43.587 24.1843 2.5
    endloop
  endfacet
  facet normal -0.649332 -0.760505 -0
    outer loop
      vertex 43.9092 23.9092 2.5
      vertex 43.587 24.1843 0.5
      vertex 43.9092 23.9092 0.5
    endloop
  endfacet
  facet normal 0.852581 -0.522595 0
    outer loop
      vertex 39.5943 23.2258 2.5
      vertex 39.8157 23.587 0.5
      vertex 39.8157 23.587 2.5
    endloop
  endfacet
  facet normal 0.852581 -0.522595 0
    outer loop
      vertex 39.8157 23.587 0.5
      vertex 39.5943 23.2258 2.5
      vertex 39.5943 23.2258 0.5
    endloop
  endfacet
  facet normal 0.92385 -0.382755 0
    outer loop
      vertex 39.4321 22.8343 2.5
      vertex 39.5943 23.2258 0.5
      vertex 39.5943 23.2258 2.5
    endloop
  endfacet
  facet normal 0.92385 -0.382755 0
    outer loop
      vertex 39.5943 23.2258 0.5
      vertex 39.4321 22.8343 2.5
      vertex 39.4321 22.8343 0.5
    endloop
  endfacet
  facet normal 0.233471 -0.972364 0
    outer loop
      vertex 41.1657 24.5679 0.5
      vertex 41.5776 24.6668 2.5
      vertex 41.1657 24.5679 2.5
    endloop
  endfacet
  facet normal 0.233471 -0.972364 0
    outer loop
      vertex 41.5776 24.6668 2.5
      vertex 41.1657 24.5679 0.5
      vertex 41.5776 24.6668 0.5
    endloop
  endfacet
  facet normal 0.0783568 -0.996925 0
    outer loop
      vertex 41.5776 24.6668 0.5
      vertex 42 24.7 2.5
      vertex 41.5776 24.6668 2.5
    endloop
  endfacet
  facet normal 0.0783568 -0.996925 0
    outer loop
      vertex 42 24.7 2.5
      vertex 41.5776 24.6668 0.5
      vertex 42 24.7 0.5
    endloop
  endfacet
  facet normal 0.649332 0.760505 -0
    outer loop
      vertex 40.413 19.8157 0.5
      vertex 40.0908 20.0908 2.5
      vertex 40.413 19.8157 2.5
    endloop
  endfacet
  facet normal 0.649332 0.760505 0
    outer loop
      vertex 40.0908 20.0908 2.5
      vertex 40.413 19.8157 0.5
      vertex 40.0908 20.0908 0.5
    endloop
  endfacet
  facet normal -0.0783568 -0.996925 0
    outer loop
      vertex 42 24.7 0.5
      vertex 42.4224 24.6668 2.5
      vertex 42 24.7 2.5
    endloop
  endfacet
  facet normal -0.0783568 -0.996925 -0
    outer loop
      vertex 42.4224 24.6668 2.5
      vertex 42 24.7 0.5
      vertex 42.4224 24.6668 0.5
    endloop
  endfacet
  facet normal 0.760505 0.649332 0
    outer loop
      vertex 40.0908 20.0908 2.5
      vertex 39.8157 20.413 0.5
      vertex 39.8157 20.413 2.5
    endloop
  endfacet
  facet normal 0.760505 0.649332 0
    outer loop
      vertex 39.8157 20.413 0.5
      vertex 40.0908 20.0908 2.5
      vertex 40.0908 20.0908 0.5
    endloop
  endfacet
  facet normal -0.649332 0.760505 0
    outer loop
      vertex 43.9092 20.0908 0.5
      vertex 43.587 19.8157 2.5
      vertex 43.9092 20.0908 2.5
    endloop
  endfacet
  facet normal -0.649332 0.760505 0
    outer loop
      vertex 43.587 19.8157 2.5
      vertex 43.9092 20.0908 0.5
      vertex 43.587 19.8157 0.5
    endloop
  endfacet
  facet normal -0.382755 -0.92385 0
    outer loop
      vertex 42.8343 24.5679 0.5
      vertex 43.2258 24.4057 2.5
      vertex 42.8343 24.5679 2.5
    endloop
  endfacet
  facet normal -0.382755 -0.92385 -0
    outer loop
      vertex 43.2258 24.4057 2.5
      vertex 42.8343 24.5679 0.5
      vertex 43.2258 24.4057 0.5
    endloop
  endfacet
  facet normal 0.972364 -0.233471 0
    outer loop
      vertex 39.3332 22.4224 2.5
      vertex 39.4321 22.8343 0.5
      vertex 39.4321 22.8343 2.5
    endloop
  endfacet
  facet normal 0.972364 -0.233471 0
    outer loop
      vertex 39.4321 22.8343 0.5
      vertex 39.3332 22.4224 2.5
      vertex 39.3332 22.4224 0.5
    endloop
  endfacet
  facet normal -0.233471 -0.972364 0
    outer loop
      vertex 42.4224 24.6668 0.5
      vertex 42.8343 24.5679 2.5
      vertex 42.4224 24.6668 2.5
    endloop
  endfacet
  facet normal -0.233471 -0.972364 -0
    outer loop
      vertex 42.8343 24.5679 2.5
      vertex 42.4224 24.6668 0.5
      vertex 42.8343 24.5679 0.5
    endloop
  endfacet
  facet normal -0.382755 0.92385 0
    outer loop
      vertex 43.2258 19.5943 0.5
      vertex 42.8343 19.4321 2.5
      vertex 43.2258 19.5943 2.5
    endloop
  endfacet
  facet normal -0.382755 0.92385 0
    outer loop
      vertex 42.8343 19.4321 2.5
      vertex 43.2258 19.5943 0.5
      vertex 42.8343 19.4321 0.5
    endloop
  endfacet
  facet normal 0.0783568 0.996925 -0
    outer loop
      vertex 42 19.3 0.5
      vertex 41.5776 19.3332 2.5
      vertex 42 19.3 2.5
    endloop
  endfacet
  facet normal 0.0783568 0.996925 0
    outer loop
      vertex 41.5776 19.3332 2.5
      vertex 42 19.3 0.5
      vertex 41.5776 19.3332 0.5
    endloop
  endfacet
  facet normal 0.233471 0.972364 -0
    outer loop
      vertex 41.5776 19.3332 0.5
      vertex 41.1657 19.4321 2.5
      vertex 41.5776 19.3332 2.5
    endloop
  endfacet
  facet normal 0.233471 0.972364 0
    outer loop
      vertex 41.1657 19.4321 2.5
      vertex 41.5776 19.3332 0.5
      vertex 41.1657 19.4321 0.5
    endloop
  endfacet
  facet normal 0.522595 0.852581 -0
    outer loop
      vertex 40.7742 19.5943 0.5
      vertex 40.413 19.8157 2.5
      vertex 40.7742 19.5943 2.5
    endloop
  endfacet
  facet normal 0.522595 0.852581 0
    outer loop
      vertex 40.413 19.8157 2.5
      vertex 40.7742 19.5943 0.5
      vertex 40.413 19.8157 0.5
    endloop
  endfacet
  facet normal 0 1 -0
    outer loop
      vertex 44.6558 17.4 2.5
      vertex 39.3442 17.4 6.5
      vertex 44.6558 17.4 6.5
    endloop
  endfacet
  facet normal 0 1 0
    outer loop
      vertex 39.3442 17.4 6.5
      vertex 44.6558 17.4 2.5
      vertex 39.3442 17.4 2.5
    endloop
  endfacet
  facet normal -0.866026 0.499998 0
    outer loop
      vertex 44.6558 17.4 2.5
      vertex 47.3116 22 6.5
      vertex 47.3116 22 2.5
    endloop
  endfacet
  facet normal -0.866026 0.499998 0
    outer loop
      vertex 47.3116 22 6.5
      vertex 44.6558 17.4 2.5
      vertex 44.6558 17.4 6.5
    endloop
  endfacet
  facet normal 0 -1 0
    outer loop
      vertex 39.3442 26.6 2.5
      vertex 44.6558 26.6 6.5
      vertex 39.3442 26.6 6.5
    endloop
  endfacet
  facet normal 0 -1 -0
    outer loop
      vertex 44.6558 26.6 6.5
      vertex 39.3442 26.6 2.5
      vertex 44.6558 26.6 2.5
    endloop
  endfacet
  facet normal -0.866026 -0.499998 0
    outer loop
      vertex 47.3116 22 2.5
      vertex 44.6558 26.6 6.5
      vertex 44.6558 26.6 2.5
    endloop
  endfacet
  facet normal -0.866026 -0.499998 0
    outer loop
      vertex 44.6558 26.6 6.5
      vertex 47.3116 22 2.5
      vertex 47.3116 22 6.5
    endloop
  endfacet
  facet normal 0.866026 -0.499998 0
    outer loop
      vertex 36.6884 22 6.5
      vertex 39.3442 26.6 2.5
      vertex 39.3442 26.6 6.5
    endloop
  endfacet
  facet normal 0.866026 -0.499998 0
    outer loop
      vertex 39.3442 26.6 2.5
      vertex 36.6884 22 6.5
      vertex 36.6884 22 2.5
    endloop
  endfacet
  facet normal 0.866026 0.499998 0
    outer loop
      vertex 39.3442 17.4 6.5
      vertex 36.6884 22 2.5
      vertex 36.6884 22 6.5
    endloop
  endfacet
  facet normal 0.866026 0.499998 0
    outer loop
      vertex 36.6884 22 2.5
      vertex 39.3442 17.4 6.5
      vertex 39.3442 17.4 2.5
    endloop
  endfacet
  facet normal 0 0 1
    outer loop
      vertex 47.3116 22 2.5
      vertex 44.6668 22.4224 2.5
      vertex 44.7 22 2.5
    endloop
  endfacet
  facet normal -0 0 1
    outer loop
      vertex 44.4057 23.2258 2.5
      vertex 47.3116 22 2.5
      vertex 44.6558 26.6 2.5
    endloop
  endfacet
  facet normal 0 0 1
    outer loop
      vertex 47.3116 22 2.5
      vertex 44.5679 22.8343 2.5
      vertex 44.6668 22.4224 2.5
    endloop
  endfacet
  facet normal 0 0 1
    outer loop
      vertex 47.3116 22 2.5
      vertex 44.4057 23.2258 2.5
      vertex 44.5679 22.8343 2.5
    endloop
  endfacet
  facet normal 0 0 1
    outer loop
      vertex 44.6558 26.6 2.5
      vertex 44.1843 23.587 2.5
      vertex 44.4057 23.2258 2.5
    endloop
  endfacet
  facet normal 0 0 1
    outer loop
      vertex 44.6558 26.6 2.5
      vertex 43.9092 23.9092 2.5
      vertex 44.1843 23.587 2.5
    endloop
  endfacet
  facet normal 0 0 1
    outer loop
      vertex 44.6558 26.6 2.5
      vertex 43.587 24.1843 2.5
      vertex 43.9092 23.9092 2.5
    endloop
  endfacet
  facet normal 0 0 1
    outer loop
      vertex 44.6558 26.6 2.5
      vertex 43.2258 24.4057 2.5
      vertex 43.587 24.1843 2.5
    endloop
  endfacet
  facet normal 0 0 1
    outer loop
      vertex 44.6558 26.6 2.5
      vertex 42.8343 24.5679 2.5
      vertex 43.2258 24.4057 2.5
    endloop
  endfacet
  facet normal 0 0 1
    outer loop
      vertex 44.6558 26.6 2.5
      vertex 42.4224 24.6668 2.5
      vertex 42.8343 24.5679 2.5
    endloop
  endfacet
  facet normal 0 0 1
    outer loop
      vertex 44.6558 26.6 2.5
      vertex 42 24.7 2.5
      vertex 42.4224 24.6668 2.5
    endloop
  endfacet
  facet normal -0 0 1
    outer loop
      vertex 39.3442 26.6 2.5
      vertex 42 24.7 2.5
      vertex 44.6558 26.6 2.5
    endloop
  endfacet
  facet normal 0 0 1
    outer loop
      vertex 42 24.7 2.5
      vertex 39.3442 26.6 2.5
      vertex 41.5776 24.6668 2.5
    endloop
  endfacet
  facet normal 0 0 1
    outer loop
      vertex 41.5776 24.6668 2.5
      vertex 39.3442 26.6 2.5
      vertex 41.1657 24.5679 2.5
    endloop
  endfacet
  facet normal 0 0 1
    outer loop
      vertex 41.1657 24.5679 2.5
      vertex 39.3442 26.6 2.5
      vertex 40.7742 24.4057 2.5
    endloop
  endfacet
  facet normal 0 0 1
    outer loop
      vertex 39.3442 26.6 2.5
      vertex 40.413 24.1843 2.5
      vertex 40.7742 24.4057 2.5
    endloop
  endfacet
  facet normal 0 0 1
    outer loop
      vertex 39.3442 26.6 2.5
      vertex 40.0908 23.9092 2.5
      vertex 40.413 24.1843 2.5
    endloop
  endfacet
  facet normal 0 0 1
    outer loop
      vertex 39.3442 26.6 2.5
      vertex 39.8157 23.587 2.5
      vertex 40.0908 23.9092 2.5
    endloop
  endfacet
  facet normal 0 0 1
    outer loop
      vertex 39.3442 26.6 2.5
      vertex 39.5943 23.2258 2.5
      vertex 39.8157 23.587 2.5
    endloop
  endfacet
  facet normal 0 0 1
    outer loop
      vertex 36.6884 22 2.5
      vertex 39.5943 23.2258 2.5
      vertex 39.3442 26.6 2.5
    endloop
  endfacet
  facet normal 0 0 1
    outer loop
      vertex 39.5943 23.2258 2.5
      vertex 36.6884 22 2.5
      vertex 39.4321 22.8343 2.5
    endloop
  endfacet
  facet normal 0 0 1
    outer loop
      vertex 39.4321 22.8343 2.5
      vertex 36.6884 22 2.5
      vertex 39.3332 22.4224 2.5
    endloop
  endfacet
  facet normal 0 0 1
    outer loop
      vertex 39.3332 22.4224 2.5
      vertex 36.6884 22 2.5
      vertex 39.3 22 2.5
    endloop
  endfacet
  facet normal 0 0 1
    outer loop
      vertex 44.6668 21.5776 2.5
      vertex 47.3116 22 2.5
      vertex 44.7 22 2.5
    endloop
  endfacet
  facet normal 0 0 1
    outer loop
      vertex 44.5679 21.1657 2.5
      vertex 47.3116 22 2.5
      vertex 44.6668 21.5776 2.5
    endloop
  endfacet
  facet normal 0 0 1
    outer loop
      vertex 44.4057 20.7742 2.5
      vertex 47.3116 22 2.5
      vertex 44.5679 21.1657 2.5
    endloop
  endfacet
  facet normal 0 0 1
    outer loop
      vertex 47.3116 22 2.5
      vertex 44.4057 20.7742 2.5
      vertex 44.6558 17.4 2.5
    endloop
  endfacet
  facet normal -0 0 1
    outer loop
      vertex 44.1843 20.413 2.5
      vertex 44.6558 17.4 2.5
      vertex 44.4057 20.7742 2.5
    endloop
  endfacet
  facet normal -0 0 1
    outer loop
      vertex 43.9092 20.0908 2.5
      vertex 44.6558 17.4 2.5
      vertex 44.1843 20.413 2.5
    endloop
  endfacet
  facet normal -0 0 1
    outer loop
      vertex 43.587 19.8157 2.5
      vertex 44.6558 17.4 2.5
      vertex 43.9092 20.0908 2.5
    endloop
  endfacet
  facet normal -0 0 1
    outer loop
      vertex 43.2258 19.5943 2.5
      vertex 44.6558 17.4 2.5
      vertex 43.587 19.8157 2.5
    endloop
  endfacet
  facet normal -0 0 1
    outer loop
      vertex 42.8343 19.4321 2.5
      vertex 44.6558 17.4 2.5
      vertex 43.2258 19.5943 2.5
    endloop
  endfacet
  facet normal -0 0 1
    outer loop
      vertex 42.4224 19.3332 2.5
      vertex 44.6558 17.4 2.5
      vertex 42.8343 19.4321 2.5
    endloop
  endfacet
  facet normal -0 0 1
    outer loop
      vertex 42 19.3 2.5
      vertex 44.6558 17.4 2.5
      vertex 42.4224 19.3332 2.5
    endloop
  endfacet
  facet normal 0 0 1
    outer loop
      vertex 39.3442 17.4 2.5
      vertex 42 19.3 2.5
      vertex 41.5776 19.3332 2.5
    endloop
  endfacet
  facet normal 0 0 1
    outer loop
      vertex 39.3442 17.4 2.5
      vertex 41.5776 19.3332 2.5
      vertex 41.1657 19.4321 2.5
    endloop
  endfacet
  facet normal 0 0 1
    outer loop
      vertex 39.3442 17.4 2.5
      vertex 41.1657 19.4321 2.5
      vertex 40.7742 19.5943 2.5
    endloop
  endfacet
  facet normal 0 0 1
    outer loop
      vertex 42 19.3 2.5
      vertex 39.3442 17.4 2.5
      vertex 44.6558 17.4 2.5
    endloop
  endfacet
  facet normal 0 0 1
    outer loop
      vertex 40.413 19.8157 2.5
      vertex 39.3442 17.4 2.5
      vertex 40.7742 19.5943 2.5
    endloop
  endfacet
  facet normal 0 0 1
    outer loop
      vertex 40.0908 20.0908 2.5
      vertex 39.3442 17.4 2.5
      vertex 40.413 19.8157 2.5
    endloop
  endfacet
  facet normal 0 0 1
    outer loop
      vertex 39.8157 20.413 2.5
      vertex 39.3442 17.4 2.5
      vertex 40.0908 20.0908 2.5
    endloop
  endfacet
  facet normal 0 0 1
    outer loop
      vertex 39.5943 20.7742 2.5
      vertex 39.3442 17.4 2.5
      vertex 39.8157 20.413 2.5
    endloop
  endfacet
  facet normal 0 0 1
    outer loop
      vertex 36.6884 22 2.5
      vertex 39.5943 20.7742 2.5
      vertex 39.4321 21.1657 2.5
    endloop
  endfacet
  facet normal 0 0 1
    outer loop
      vertex 36.6884 22 2.5
      vertex 39.4321 21.1657 2.5
      vertex 39.3332 21.5776 2.5
    endloop
  endfacet
  facet normal -0 0 1
    outer loop
      vertex 36.6884 22 2.5
      vertex 39.3332 21.5776 2.5
      vertex 39.3 22 2.5
    endloop
  endfacet
  facet normal 0 0 1
    outer loop
      vertex 39.5943 20.7742 2.5
      vertex 36.6884 22 2.5
      vertex 39.3442 17.4 2.5
    endloop
  endfacet
endsolid OpenSCAD_Model
